<?xml version="1.0" encoding="UTF-8" standalone="no"?><TaskList Version="2.0"><Task Active="true" ConnectorKind="local" CreationDate="2013-04-04 15:48:40.242 -0500" DueDate="2013-04-07 00:00:00.0 -0500" EndDate="" Estimated="2" Handle="local-2" Kind="task" Label="Make import for personnel info in build.ant" LastModified="now" MarkReadPending="false" ModificationDate="" Notes="" NotifiedIncoming="true" Owner="local" Priority="P3" Reminded="false" RepositoryUrl="local" ScheduledEndDate="2013-04-06 23:59:59.999 -0500" ScheduledStartDate="2013-03-31 00:00:00.0 -0500" Stale="false" TaskId="2" offlineSyncState="SYNCHRONIZED"/><Task Active="false" ConnectorKind="local" CreationDate="2013-04-04 15:45:21.794 -0500" DueDate="2013-04-07 00:00:00.0 -0500" EndDate="" Estimated="0" Handle="local-1" Kind="task" Label="Upload HouseMonitor to GitHub" LastModified="now" MarkReadPending="false" ModificationDate="" Notes="" NotifiedIncoming="true" Owner="local" Priority="P3" Reminded="false" RepositoryUrl="local" ScheduledEndDate="2013-04-06 23:59:59.999 -0500" ScheduledStartDate="2013-03-31 00:00:00.0 -0500" Stale="false" TaskId="1" offlineSyncState="SYNCHRONIZED"/><TaskCategory Handle="handle-1" Name="Add Status Panel"/><TaskCategory Handle="handle-2" Name="GitHub"><TaskReference Handle="local-1"/><TaskReference Handle="local-2"/></TaskCategory><TaskCategory Handle="Uncategorized" Name="Uncategorized"/></TaskList>