<?xml version="1.0" encoding="UTF-8"?><TaskState connectorKind="github" repositoryUrl="http://github.com/gary-pickens/HouseMonitor" taskId="5" version="2.0">
<NewData connectorKind="github" repositoryUrl="http://github.com/gary-pickens/HouseMonitor" taskId="5" version="1">
<Attributes>
<Attribute id="root">
<values/>
<options/>
<MetaData/>
<Attributes>
<Attribute id="task.common.operation">
<values>
<value>LEAVE</value>
</values>
<options/>
<MetaData>
<meta>
<key>task.meta.type</key>
<value>operation</value>
</meta>
<meta>
<key>task.meta.readOnly</key>
<value>true</value>
</meta>
<meta>
<key>task.meta.label</key>
<value>Leave open</value>
</meta>
<meta>
<key>task.meta.disabled</key>
<value>false</value>
</meta>
</MetaData>
<Attributes/>
</Attribute>
<Attribute id="task.common.operation-LEAVE">
<values>
<value>LEAVE</value>
</values>
<options/>
<MetaData>
<meta>
<key>task.meta.readOnly</key>
<value>true</value>
</meta>
<meta>
<key>task.meta.type</key>
<value>operation</value>
</meta>
<meta>
<key>task.meta.label</key>
<value>Leave open</value>
</meta>
<meta>
<key>task.meta.disabled</key>
<value>false</value>
</meta>
</MetaData>
<Attributes/>
</Attribute>
<Attribute id="task.common.operation-CLOSE">
<values>
<value>CLOSE</value>
</values>
<options/>
<MetaData>
<meta>
<key>task.meta.readOnly</key>
<value>true</value>
</meta>
<meta>
<key>task.meta.type</key>
<value>operation</value>
</meta>
<meta>
<key>task.meta.label</key>
<value>Close</value>
</meta>
<meta>
<key>task.meta.disabled</key>
<value>false</value>
</meta>
</MetaData>
<Attributes/>
</Attribute>
<Attribute id="task.common.key">
<values>
<value>5</value>
</values>
<options/>
<MetaData>
<meta>
<key>task.meta.readOnly</key>
<value>true</value>
</meta>
<meta>
<key>task.meta.type</key>
<value>shortText</value>
</meta>
<meta>
<key>task.meta.attributeKind</key>
<value>task.common.kind.default</value>
</meta>
<meta>
<key>task.meta.label</key>
<value>Key</value>
</meta>
</MetaData>
<Attributes/>
</Attribute>
<Attribute id="task.common.summary">
<values>
<value>Python UnitTest_Cookbook.rst is formatted wrong on GitHub</value>
</values>
<options/>
<MetaData>
<meta>
<key>task.meta.readOnly</key>
<value>false</value>
</meta>
<meta>
<key>task.meta.type</key>
<value>shortRichText</value>
</meta>
<meta>
<key>task.meta.attributeKind</key>
<value>task.common.kind.default</value>
</meta>
<meta>
<key>task.meta.label</key>
<value>Summary</value>
</meta>
</MetaData>
<Attributes/>
</Attribute>
<Attribute id="task.common.description">
<values>
<value/>
</values>
<options/>
<MetaData>
<meta>
<key>task.meta.readOnly</key>
<value>false</value>
</meta>
<meta>
<key>task.meta.type</key>
<value>longRichText</value>
</meta>
<meta>
<key>task.meta.attributeKind</key>
<value>task.common.kind.default</value>
</meta>
<meta>
<key>task.meta.label</key>
<value>Description</value>
</meta>
</MetaData>
<Attributes/>
</Attribute>
<Attribute id="task.common.status">
<values>
<value>open</value>
</values>
<options/>
<MetaData>
<meta>
<key>task.meta.readOnly</key>
<value>false</value>
</meta>
<meta>
<key>task.meta.type</key>
<value>shortText</value>
</meta>
<meta>
<key>task.meta.attributeKind</key>
<value>task.common.kind.default</value>
</meta>
<meta>
<key>task.meta.label</key>
<value>Status:</value>
</meta>
</MetaData>
<Attributes/>
</Attribute>
<Attribute id="task.common.date.created">
<values>
<value>1365127641000</value>
</values>
<options/>
<MetaData>
<meta>
<key>task.meta.readOnly</key>
<value>true</value>
</meta>
<meta>
<key>task.meta.type</key>
<value>dateTime</value>
</meta>
<meta>
<key>task.meta.attributeKind</key>
<value>task.common.kind.default</value>
</meta>
<meta>
<key>task.meta.label</key>
<value>Created:</value>
</meta>
</MetaData>
<Attributes/>
</Attribute>
<Attribute id="task.common.date.modified">
<values>
<value>1365127641000</value>
</values>
<options/>
<MetaData>
<meta>
<key>task.meta.readOnly</key>
<value>true</value>
</meta>
<meta>
<key>task.meta.type</key>
<value>dateTime</value>
</meta>
<meta>
<key>task.meta.attributeKind</key>
<value>task.common.kind.default</value>
</meta>
<meta>
<key>task.meta.label</key>
<value>Modified:</value>
</meta>
</MetaData>
<Attributes/>
</Attribute>
<Attribute id="task.common.date.completed">
<values/>
<options/>
<MetaData>
<meta>
<key>task.meta.readOnly</key>
<value>true</value>
</meta>
<meta>
<key>task.meta.type</key>
<value>dateTime</value>
</meta>
<meta>
<key>task.meta.attributeKind</key>
<value>task.common.kind.default</value>
</meta>
<meta>
<key>task.meta.label</key>
<value>Closed:</value>
</meta>
</MetaData>
<Attributes/>
</Attribute>
<Attribute id="task.common.user.reporter">
<values>
<value>gary-pickens</value>
</values>
<options/>
<MetaData>
<meta>
<key>task.meta.readOnly</key>
<value>true</value>
</meta>
<meta>
<key>task.meta.type</key>
<value>person</value>
</meta>
<meta>
<key>task.meta.attributeKind</key>
<value>task.common.kind.default</value>
</meta>
<meta>
<key>task.meta.label</key>
<value>Reporter:</value>
</meta>
</MetaData>
<Attributes/>
</Attribute>
<Attribute id="github.issue.reporter.gravatar">
<values>
<value>https://secure.gravatar.com/avatar/854805012b8110405ce872c6a60518dd?d=https://a248.e.akamai.net/assets.github.com%2Fimages%2Fgravatars%2Fgravatar-user-420.png</value>
</values>
<options/>
<MetaData>
<meta>
<key>task.meta.readOnly</key>
<value>true</value>
</meta>
<meta>
<key>task.meta.type</key>
<value>url</value>
</meta>
<meta>
<key>task.meta.label</key>
<value>Reporter</value>
</meta>
</MetaData>
<Attributes/>
</Attribute>
<Attribute id="task.common.user.assigned">
<values>
<value>gary-pickens</value>
</values>
<options/>
<MetaData>
<meta>
<key>task.meta.readOnly</key>
<value>false</value>
</meta>
<meta>
<key>task.meta.type</key>
<value>person</value>
</meta>
<meta>
<key>task.meta.attributeKind</key>
<value>task.common.kind.default</value>
</meta>
<meta>
<key>task.meta.label</key>
<value>Assignee:</value>
</meta>
</MetaData>
<Attributes/>
</Attribute>
<Attribute id="github.issue.assignee.gravatar">
<values>
<value>https://secure.gravatar.com/avatar/854805012b8110405ce872c6a60518dd?d=https://a248.e.akamai.net/assets.github.com%2Fimages%2Fgravatars%2Fgravatar-user-420.png</value>
</values>
<options/>
<MetaData>
<meta>
<key>task.meta.readOnly</key>
<value>false</value>
</meta>
<meta>
<key>task.meta.type</key>
<value>url</value>
</meta>
<meta>
<key>task.meta.label</key>
<value>Assignee</value>
</meta>
</MetaData>
<Attributes/>
</Attribute>
<Attribute id="task.common.comment.new">
<values/>
<options/>
<MetaData>
<meta>
<key>task.meta.readOnly</key>
<value>false</value>
</meta>
<meta>
<key>task.meta.type</key>
<value>longRichText</value>
</meta>
<meta>
<key>task.meta.attributeKind</key>
<value>task.common.kind.default</value>
</meta>
<meta>
<key>task.meta.label</key>
<value>Comment:</value>
</meta>
</MetaData>
<Attributes/>
</Attribute>
<Attribute id="github.issue.labels">
<values/>
<options>
<option>
<key>bug</key>
<value>bug</value>
</option>
<option>
<key>duplicate</key>
<value>duplicate</value>
</option>
<option>
<key>enhancement</key>
<value>enhancement</value>
</option>
<option>
<key>invalid</key>
<value>invalid</value>
</option>
<option>
<key>question</key>
<value>question</value>
</option>
<option>
<key>wontfix</key>
<value>wontfix</value>
</option>
</options>
<MetaData>
<meta>
<key>task.meta.readOnly</key>
<value>false</value>
</meta>
<meta>
<key>task.meta.type</key>
<value>multiSelect</value>
</meta>
<meta>
<key>task.meta.attributeKind</key>
<value>task.common.kind.default</value>
</meta>
<meta>
<key>task.meta.label</key>
<value>Labels:</value>
</meta>
</MetaData>
<Attributes/>
</Attribute>
<Attribute id="github.issue.milestone">
<values>
<value>0</value>
</values>
<options>
<option>
<key>0</key>
<value>None</value>
</option>
<option>
<key>1</key>
<value>Create Status Panel for the Kitchen</value>
</option>
</options>
<MetaData>
<meta>
<key>task.meta.readOnly</key>
<value>false</value>
</meta>
<meta>
<key>task.meta.type</key>
<value>singleSelect</value>
</meta>
<meta>
<key>task.meta.attributeKind</key>
<value>task.common.kind.default</value>
</meta>
<meta>
<key>task.meta.label</key>
<value>Milestone:</value>
</meta>
</MetaData>
<Attributes/>
</Attribute>
</Attributes>
</Attribute>
</Attributes>
</NewData>
<OldData connectorKind="github" repositoryUrl="http://github.com/gary-pickens/HouseMonitor" taskId="5" version="1">
<Attributes>
<Attribute id="root">
<values/>
<options/>
<MetaData/>
<Attributes>
<Attribute id="task.common.operation">
<values>
<value>LEAVE</value>
</values>
<options/>
<MetaData>
<meta>
<key>task.meta.type</key>
<value>operation</value>
</meta>
<meta>
<key>task.meta.readOnly</key>
<value>true</value>
</meta>
<meta>
<key>task.meta.label</key>
<value>Leave open</value>
</meta>
<meta>
<key>task.meta.disabled</key>
<value>false</value>
</meta>
</MetaData>
<Attributes/>
</Attribute>
<Attribute id="task.common.operation-LEAVE">
<values>
<value>LEAVE</value>
</values>
<options/>
<MetaData>
<meta>
<key>task.meta.readOnly</key>
<value>true</value>
</meta>
<meta>
<key>task.meta.type</key>
<value>operation</value>
</meta>
<meta>
<key>task.meta.label</key>
<value>Leave open</value>
</meta>
<meta>
<key>task.meta.disabled</key>
<value>false</value>
</meta>
</MetaData>
<Attributes/>
</Attribute>
<Attribute id="task.common.operation-CLOSE">
<values>
<value>CLOSE</value>
</values>
<options/>
<MetaData>
<meta>
<key>task.meta.readOnly</key>
<value>true</value>
</meta>
<meta>
<key>task.meta.type</key>
<value>operation</value>
</meta>
<meta>
<key>task.meta.label</key>
<value>Close</value>
</meta>
<meta>
<key>task.meta.disabled</key>
<value>false</value>
</meta>
</MetaData>
<Attributes/>
</Attribute>
<Attribute id="task.common.key">
<values>
<value>5</value>
</values>
<options/>
<MetaData>
<meta>
<key>task.meta.readOnly</key>
<value>true</value>
</meta>
<meta>
<key>task.meta.type</key>
<value>shortText</value>
</meta>
<meta>
<key>task.meta.attributeKind</key>
<value>task.common.kind.default</value>
</meta>
<meta>
<key>task.meta.label</key>
<value>Key</value>
</meta>
</MetaData>
<Attributes/>
</Attribute>
<Attribute id="task.common.summary">
<values>
<value>Python UnitTest_Cookbook.rst is formatted wrong on GitHub</value>
</values>
<options/>
<MetaData>
<meta>
<key>task.meta.readOnly</key>
<value>false</value>
</meta>
<meta>
<key>task.meta.type</key>
<value>shortRichText</value>
</meta>
<meta>
<key>task.meta.attributeKind</key>
<value>task.common.kind.default</value>
</meta>
<meta>
<key>task.meta.label</key>
<value>Summary</value>
</meta>
</MetaData>
<Attributes/>
</Attribute>
<Attribute id="task.common.description">
<values>
<value/>
</values>
<options/>
<MetaData>
<meta>
<key>task.meta.readOnly</key>
<value>false</value>
</meta>
<meta>
<key>task.meta.type</key>
<value>longRichText</value>
</meta>
<meta>
<key>task.meta.attributeKind</key>
<value>task.common.kind.default</value>
</meta>
<meta>
<key>task.meta.label</key>
<value>Description</value>
</meta>
</MetaData>
<Attributes/>
</Attribute>
<Attribute id="task.common.status">
<values>
<value>open</value>
</values>
<options/>
<MetaData>
<meta>
<key>task.meta.readOnly</key>
<value>false</value>
</meta>
<meta>
<key>task.meta.type</key>
<value>shortText</value>
</meta>
<meta>
<key>task.meta.attributeKind</key>
<value>task.common.kind.default</value>
</meta>
<meta>
<key>task.meta.label</key>
<value>Status:</value>
</meta>
</MetaData>
<Attributes/>
</Attribute>
<Attribute id="task.common.date.created">
<values>
<value>1365127641000</value>
</values>
<options/>
<MetaData>
<meta>
<key>task.meta.readOnly</key>
<value>true</value>
</meta>
<meta>
<key>task.meta.type</key>
<value>dateTime</value>
</meta>
<meta>
<key>task.meta.attributeKind</key>
<value>task.common.kind.default</value>
</meta>
<meta>
<key>task.meta.label</key>
<value>Created:</value>
</meta>
</MetaData>
<Attributes/>
</Attribute>
<Attribute id="task.common.date.modified">
<values>
<value>1365127641000</value>
</values>
<options/>
<MetaData>
<meta>
<key>task.meta.readOnly</key>
<value>true</value>
</meta>
<meta>
<key>task.meta.type</key>
<value>dateTime</value>
</meta>
<meta>
<key>task.meta.attributeKind</key>
<value>task.common.kind.default</value>
</meta>
<meta>
<key>task.meta.label</key>
<value>Modified:</value>
</meta>
</MetaData>
<Attributes/>
</Attribute>
<Attribute id="task.common.date.completed">
<values/>
<options/>
<MetaData>
<meta>
<key>task.meta.readOnly</key>
<value>true</value>
</meta>
<meta>
<key>task.meta.type</key>
<value>dateTime</value>
</meta>
<meta>
<key>task.meta.attributeKind</key>
<value>task.common.kind.default</value>
</meta>
<meta>
<key>task.meta.label</key>
<value>Closed:</value>
</meta>
</MetaData>
<Attributes/>
</Attribute>
<Attribute id="task.common.user.reporter">
<values>
<value>gary-pickens</value>
</values>
<options/>
<MetaData>
<meta>
<key>task.meta.readOnly</key>
<value>true</value>
</meta>
<meta>
<key>task.meta.type</key>
<value>person</value>
</meta>
<meta>
<key>task.meta.attributeKind</key>
<value>task.common.kind.default</value>
</meta>
<meta>
<key>task.meta.label</key>
<value>Reporter:</value>
</meta>
</MetaData>
<Attributes/>
</Attribute>
<Attribute id="github.issue.reporter.gravatar">
<values>
<value>https://secure.gravatar.com/avatar/854805012b8110405ce872c6a60518dd?d=https://a248.e.akamai.net/assets.github.com%2Fimages%2Fgravatars%2Fgravatar-user-420.png</value>
</values>
<options/>
<MetaData>
<meta>
<key>task.meta.readOnly</key>
<value>true</value>
</meta>
<meta>
<key>task.meta.type</key>
<value>url</value>
</meta>
<meta>
<key>task.meta.label</key>
<value>Reporter</value>
</meta>
</MetaData>
<Attributes/>
</Attribute>
<Attribute id="task.common.user.assigned">
<values>
<value>gary-pickens</value>
</values>
<options/>
<MetaData>
<meta>
<key>task.meta.readOnly</key>
<value>false</value>
</meta>
<meta>
<key>task.meta.type</key>
<value>person</value>
</meta>
<meta>
<key>task.meta.attributeKind</key>
<value>task.common.kind.default</value>
</meta>
<meta>
<key>task.meta.label</key>
<value>Assignee:</value>
</meta>
</MetaData>
<Attributes/>
</Attribute>
<Attribute id="github.issue.assignee.gravatar">
<values>
<value>https://secure.gravatar.com/avatar/854805012b8110405ce872c6a60518dd?d=https://a248.e.akamai.net/assets.github.com%2Fimages%2Fgravatars%2Fgravatar-user-420.png</value>
</values>
<options/>
<MetaData>
<meta>
<key>task.meta.readOnly</key>
<value>false</value>
</meta>
<meta>
<key>task.meta.type</key>
<value>url</value>
</meta>
<meta>
<key>task.meta.label</key>
<value>Assignee</value>
</meta>
</MetaData>
<Attributes/>
</Attribute>
<Attribute id="task.common.comment.new">
<values/>
<options/>
<MetaData>
<meta>
<key>task.meta.readOnly</key>
<value>false</value>
</meta>
<meta>
<key>task.meta.type</key>
<value>longRichText</value>
</meta>
<meta>
<key>task.meta.attributeKind</key>
<value>task.common.kind.default</value>
</meta>
<meta>
<key>task.meta.label</key>
<value>Comment:</value>
</meta>
</MetaData>
<Attributes/>
</Attribute>
<Attribute id="github.issue.labels">
<values/>
<options>
<option>
<key>bug</key>
<value>bug</value>
</option>
<option>
<key>duplicate</key>
<value>duplicate</value>
</option>
<option>
<key>enhancement</key>
<value>enhancement</value>
</option>
<option>
<key>invalid</key>
<value>invalid</value>
</option>
<option>
<key>question</key>
<value>question</value>
</option>
<option>
<key>wontfix</key>
<value>wontfix</value>
</option>
</options>
<MetaData>
<meta>
<key>task.meta.readOnly</key>
<value>false</value>
</meta>
<meta>
<key>task.meta.type</key>
<value>multiSelect</value>
</meta>
<meta>
<key>task.meta.attributeKind</key>
<value>task.common.kind.default</value>
</meta>
<meta>
<key>task.meta.label</key>
<value>Labels:</value>
</meta>
</MetaData>
<Attributes/>
</Attribute>
<Attribute id="github.issue.milestone">
<values>
<value>0</value>
</values>
<options>
<option>
<key>0</key>
<value>None</value>
</option>
<option>
<key>1</key>
<value>Create Status Panel for the Kitchen</value>
</option>
</options>
<MetaData>
<meta>
<key>task.meta.readOnly</key>
<value>false</value>
</meta>
<meta>
<key>task.meta.type</key>
<value>singleSelect</value>
</meta>
<meta>
<key>task.meta.attributeKind</key>
<value>task.common.kind.default</value>
</meta>
<meta>
<key>task.meta.label</key>
<value>Milestone:</value>
</meta>
</MetaData>
<Attributes/>
</Attribute>
</Attributes>
</Attribute>
</Attributes>
</OldData>
</TaskState>
