<?xml version="1.0" encoding="UTF-8"?><InteractionHistory Id="local-2" Version="1"><InteractionEvent Delta="null" EndDate="2013-04-04 22:19:28.935 CDT" Interest="14.0" Kind="selection" Navigation="null" OriginId="org.eclipse.ui.views.ResourceNavigator" StartDate="2013-04-04 22:19:17.266 CDT" StructureHandle="/HouseMonitor/docs/_build/html/_modules/index.html" StructureKind="resource" NumEvents="14" CreationCount="1692"/><InteractionEvent Delta="null" EndDate="2013-04-04 22:14:54.639 CDT" Interest="1.0" Kind="selection" Navigation="null" OriginId="org.eclipse.ui.views.ResourceNavigator" StartDate="2013-04-04 22:14:54.639 CDT" StructureHandle="/HouseMonitor/docs/_build/html/housemonitor.outputs.xmlrpc.html" StructureKind="resource"/><InteractionEvent Delta="null" EndDate="2013-04-04 22:18:21.777 CDT" Interest="14.0" Kind="selection" Navigation="null" OriginId="org.eclipse.ui.views.ResourceNavigator" StartDate="2013-04-04 22:18:10.373 CDT" StructureHandle="/HouseMonitor/docs/_build/html/_modules/housemonitor/inputs/zigbeeinput/test" StructureKind="resource" NumEvents="14" CreationCount="164"/><InteractionEvent Delta="null" EndDate="2013-04-04 22:30:52.359 CDT" Interest="7.0" Kind="prediction" Navigation="null" OriginId="org.eclipse.mylyn.resources.ui.interest.updater" StartDate="2013-04-04 22:14:30.865 CDT" StructureHandle="/HouseMonitor/tasks/contexts/local-2.xml.zip" StructureKind="resource" NumEvents="7" CreationCount="12"/><InteractionEvent Delta="null" EndDate="2013-04-04 22:18:21.777 CDT" Interest="23.0" Kind="selection" Navigation="null" OriginId="org.eclipse.ui.views.ResourceNavigator" StartDate="2013-04-04 22:17:57.909 CDT" StructureHandle="/HouseMonitor/docs/_build/html/_modules/housemonitor/hm" StructureKind="resource" NumEvents="23" CreationCount="87"/><InteractionEvent Delta="null" EndDate="2013-04-04 22:18:01.746 CDT" Interest="2.0000005" Kind="propagation" Navigation="org.eclipse.mylyn.core.model.edges.containment" OriginId="org.eclipse.mylyn.core.model.interest.propagation" StartDate="2013-04-04 22:17:45.990 CDT" StructureHandle="/HouseMonitor/docs/_build/html/_modules/housemonitor/hm" StructureKind="resource" NumEvents="3" CreationCount="87"/><InteractionEvent Delta="null" EndDate="2013-04-04 22:18:21.792 CDT" Interest="10.0" Kind="selection" Navigation="null" OriginId="org.eclipse.ui.views.ResourceNavigator" StartDate="2013-04-04 22:18:13.415 CDT" StructureHandle="/HouseMonitor/docs/_build/html/_modules/housemonitor/inputs/zigbeeinput/test/xbeeinputthread_test.html" StructureKind="resource" NumEvents="10" CreationCount="222"/><InteractionEvent Delta="null" EndDate="2013-04-04 22:19:28.919 CDT" Interest="60.0" Kind="selection" Navigation="null" OriginId="org.eclipse.ui.views.ResourceNavigator" StartDate="2013-04-04 22:18:53.632 CDT" StructureHandle="/HouseMonitor/docs/_build/html/_modules/housemonitor/lib/oswalk.html" StructureKind="resource" NumEvents="60" CreationCount="447"/><InteractionEvent Delta="null" EndDate="2013-04-04 22:18:21.777 CDT" Interest="12.0" Kind="selection" Navigation="null" OriginId="org.eclipse.ui.views.ResourceNavigator" StartDate="2013-04-04 22:18:11.777 CDT" StructureHandle="/HouseMonitor/docs/_build/html/_modules/housemonitor/inputs/zigbeeinput/test/windowsxbeecommunications_test.html" StructureKind="resource" NumEvents="12" CreationCount="191"/><InteractionEvent Delta="null" EndDate="2013-04-04 22:14:54.639 CDT" Interest="1.0" Kind="selection" Navigation="null" OriginId="org.eclipse.ui.views.ResourceNavigator" StartDate="2013-04-04 22:14:54.639 CDT" StructureHandle="/HouseMonitor/docs/_build/html/search.html" StructureKind="resource"/><InteractionEvent Delta="null" EndDate="2013-04-04 22:33:07.909 CDT" Interest="9.0" Kind="prediction" Navigation="null" OriginId="org.eclipse.mylyn.resources.ui.interest.updater" StartDate="2013-04-04 22:14:30.865 CDT" StructureHandle="/HouseMonitor/tasks/contexts/activity.xml.zip" StructureKind="resource" NumEvents="9" CreationCount="12"/><InteractionEvent Delta="null" EndDate="2013-04-04 22:18:21.792 CDT" Interest="9.0" Kind="selection" Navigation="null" OriginId="org.eclipse.ui.views.ResourceNavigator" StartDate="2013-04-04 22:18:14.148 CDT" StructureHandle="/HouseMonitor/docs/_build/html/_modules/housemonitor/inputs/zigbeeinput/beaglebonexbeecommunications.html" StructureKind="resource" NumEvents="9" CreationCount="239"/><InteractionEvent Delta="null" EndDate="2013-04-04 22:21:43.298 CDT" Interest="10.0" Kind="selection" Navigation="null" OriginId="org.eclipse.ui.views.ResourceNavigator" StartDate="2013-04-04 22:15:06.870 CDT" StructureHandle="/HouseMonitor/docs/_build/html/_static/ajax-loader.gif" StructureKind="resource" NumEvents="10" CreationCount="46"/><InteractionEvent Delta="null" EndDate="2013-04-04 22:20:05.642 CDT" Interest="32.593002" Kind="manipulation" Navigation="null" OriginId="org.eclipse.mylyn.core.model.interest.decay.correction" StartDate="2013-04-04 22:19:20.916 CDT" StructureHandle="/HouseMonitor/docs/_build/html/_static/ajax-loader.gif" StructureKind="resource" NumEvents="2" CreationCount="46"/><InteractionEvent Delta="null" EndDate="2013-04-04 22:17:38.892 CDT" Interest="1.0" Kind="selection" Navigation="null" OriginId="org.eclipse.ui.views.ResourceNavigator" StartDate="2013-04-04 22:17:38.892 CDT" StructureHandle="/HouseMonitor/docs/_build/html/_modules/housemonitor/configuration/test" StructureKind="resource"/><InteractionEvent Delta="null" EndDate="2013-04-04 22:19:28.919 CDT" Interest="62.0" Kind="selection" Navigation="null" OriginId="org.eclipse.ui.views.ResourceNavigator" StartDate="2013-04-04 22:18:53.242 CDT" StructureHandle="/HouseMonitor/docs/_build/html/_modules/housemonitor/lib/hmscheduler.html" StructureKind="resource" NumEvents="62" CreationCount="432"/><InteractionEvent Delta="null" EndDate="2013-04-04 22:21:43.298 CDT" Interest="3.0" Kind="selection" Navigation="null" OriginId="org.eclipse.ui.views.ResourceNavigator" StartDate="2013-04-04 22:15:08.445 CDT" StructureHandle="/HouseMonitor/docs/_build/html/_static/searchtools.js" StructureKind="resource" NumEvents="3" CreationCount="61"/><InteractionEvent Delta="null" EndDate="2013-04-04 22:20:11.382 CDT" Interest="38.61" Kind="manipulation" Navigation="null" OriginId="org.eclipse.mylyn.core.model.interest.decay.correction" StartDate="2013-04-04 22:20:11.382 CDT" StructureHandle="/HouseMonitor/docs/_build/html/_static/searchtools.js" StructureKind="resource"/><InteractionEvent Delta="null" EndDate="2013-04-04 22:19:28.935 CDT" Interest="17.0" Kind="selection" Navigation="null" OriginId="org.eclipse.ui.views.ResourceNavigator" StartDate="2013-04-04 22:19:16.782 CDT" StructureHandle="/HouseMonitor/docs/_build/html/_modules/housemonitor/steps/zigbee2volts.html" StructureKind="resource" NumEvents="17" CreationCount="1599"/><InteractionEvent Delta="null" EndDate="2013-04-04 22:14:54.639 CDT" Interest="1.0" Kind="selection" Navigation="null" OriginId="org.eclipse.ui.views.ResourceNavigator" StartDate="2013-04-04 22:14:54.639 CDT" StructureHandle="/HouseMonitor/docs/_build/html/housemonitor.outputs.zigbee.html" StructureKind="resource"/><InteractionEvent Delta="null" EndDate="2013-04-04 22:19:28.935 CDT" Interest="19.0" Kind="selection" Navigation="null" OriginId="org.eclipse.ui.views.ResourceNavigator" StartDate="2013-04-04 22:19:16.33 CDT" StructureHandle="/HouseMonitor/docs/_build/html/_modules/housemonitor/steps/oneInN.html" StructureKind="resource" NumEvents="19" CreationCount="1510"/><InteractionEvent Delta="null" EndDate="2013-04-04 22:19:28.919 CDT" Interest="57.0" Kind="selection" Navigation="null" OriginId="org.eclipse.ui.views.ResourceNavigator" StartDate="2013-04-04 22:18:55.161 CDT" StructureHandle="/HouseMonitor/docs/_build/html/_modules/housemonitor/outputs/cosm" StructureKind="resource" NumEvents="57" CreationCount="477"/><InteractionEvent Delta="null" EndDate="2013-04-04 22:18:21.777 CDT" Interest="16.0" Kind="selection" Navigation="null" OriginId="org.eclipse.ui.views.ResourceNavigator" StartDate="2013-04-04 22:18:05.662 CDT" StructureHandle="/HouseMonitor/docs/_build/html/_modules/housemonitor/inputs/test/testinputthread_test.html" StructureKind="resource" NumEvents="16" CreationCount="141"/><InteractionEvent Delta="null" EndDate="2013-04-04 22:18:21.792 CDT" Interest="3.0" Kind="selection" Navigation="null" OriginId="org.eclipse.ui.views.ResourceNavigator" StartDate="2013-04-04 22:18:19.515 CDT" StructureHandle="/HouseMonitor/docs/_build/html/_modules/housemonitor/inputs/inputqueue.html" StructureKind="resource" NumEvents="3" CreationCount="362"/><InteractionEvent Delta="null" EndDate="2013-04-04 22:18:21.777 CDT" Interest="25.0" Kind="selection" Navigation="null" OriginId="org.eclipse.ui.views.ResourceNavigator" StartDate="2013-04-04 22:17:45.990 CDT" StructureHandle="/HouseMonitor/docs/_build/html/_modules/housemonitor/hm/display.html" StructureKind="resource" NumEvents="25" CreationCount="87"/><InteractionEvent Delta="null" EndDate="2013-04-04 22:19:28.935 CDT" Interest="27.0" Kind="selection" Navigation="null" OriginId="org.eclipse.ui.views.ResourceNavigator" StartDate="2013-04-04 22:19:10.12 CDT" StructureHandle="/HouseMonitor/docs/_build/html/_modules/housemonitor/steps" StructureKind="resource" NumEvents="27" CreationCount="70"/><InteractionEvent Delta="null" EndDate="2013-04-04 22:21:50.115 CDT" Interest="1.6119995" Kind="propagation" Navigation="org.eclipse.mylyn.core.model.edges.containment" OriginId="org.eclipse.mylyn.core.model.interest.propagation" StartDate="2013-04-04 22:15:43.530 CDT" StructureHandle="/HouseMonitor/docs/_build/html/_modules/housemonitor/steps" StructureKind="resource" NumEvents="2" CreationCount="70"/><InteractionEvent Delta="null" EndDate="2013-04-04 22:19:10.12 CDT" Interest="18.091002" Kind="manipulation" Navigation="null" OriginId="org.eclipse.mylyn.core.model.interest.decay.correction" StartDate="2013-04-04 22:19:10.12 CDT" StructureHandle="/HouseMonitor/docs/_build/html/_modules/housemonitor/steps" StructureKind="resource"/><InteractionEvent Delta="null" EndDate="2013-04-04 22:19:28.919 CDT" Interest="35.0" Kind="selection" Navigation="null" OriginId="org.eclipse.ui.views.ResourceNavigator" StartDate="2013-04-04 22:19:07.219 CDT" StructureHandle="/HouseMonitor/docs/_build/html/_modules/housemonitor/outputs/zigbee/test/zigbeeoutput_test.html" StructureKind="resource" NumEvents="35" CreationCount="942"/><InteractionEvent Delta="null" EndDate="2013-04-04 22:18:21.792 CDT" Interest="2.0" Kind="selection" Navigation="null" OriginId="org.eclipse.ui.views.ResourceNavigator" StartDate="2013-04-04 22:18:20.747 CDT" StructureHandle="/HouseMonitor/docs/_build/html/_modules/housemonitor/inputs/processinput.html" StructureKind="resource" NumEvents="2" CreationCount="386"/><InteractionEvent Delta="null" EndDate="2013-04-04 22:21:43.298 CDT" Interest="3.0" Kind="selection" Navigation="null" OriginId="org.eclipse.ui.views.ResourceNavigator" StartDate="2013-04-04 22:15:08.445 CDT" StructureHandle="/HouseMonitor/docs/_build/html/_static/sidebar.js" StructureKind="resource" NumEvents="3" CreationCount="62"/><InteractionEvent Delta="null" EndDate="2013-04-04 22:20:11.382 CDT" Interest="38.61" Kind="manipulation" Navigation="null" OriginId="org.eclipse.mylyn.core.model.interest.decay.correction" StartDate="2013-04-04 22:20:11.382 CDT" StructureHandle="/HouseMonitor/docs/_build/html/_static/sidebar.js" StructureKind="resource"/><InteractionEvent Delta="null" EndDate="2013-04-04 22:14:54.639 CDT" Interest="1.0" Kind="selection" Navigation="null" OriginId="org.eclipse.ui.views.ResourceNavigator" StartDate="2013-04-04 22:14:54.639 CDT" StructureHandle="/HouseMonitor/docs/_build/html/Python_UnitTest_Cookbook.html" StructureKind="resource"/><InteractionEvent Delta="null" EndDate="2013-04-04 22:45:24.873 CDT" Interest="234.17801" Kind="propagation" Navigation="org.eclipse.mylyn.core.model.edges.containment" OriginId="org.eclipse.mylyn.core.model.interest.propagation" StartDate="2013-04-04 22:11:23.493 CDT" StructureHandle="/" StructureKind="resource" NumEvents="398" CreationCount="1"/><InteractionEvent Delta="null" EndDate="2013-04-04 22:28:35.406 CDT" Interest="2.0" Kind="selection" Navigation="null" OriginId="org.eclipse.ui.views.ResourceNavigator" StartDate="2013-04-04 22:14:11.225 CDT" StructureHandle="/HouseMonitor/docs" StructureKind="resource" NumEvents="2" CreationCount="2"/><InteractionEvent Delta="null" EndDate="2013-04-04 22:19:28.919 CDT" Interest="72.97002" Kind="propagation" Navigation="org.eclipse.mylyn.core.model.edges.containment" OriginId="org.eclipse.mylyn.core.model.interest.propagation" StartDate="2013-04-04 22:12:18.296 CDT" StructureHandle="/HouseMonitor/docs" StructureKind="resource" NumEvents="844" CreationCount="2"/><InteractionEvent Delta="null" EndDate="2013-04-04 22:12:18.296 CDT" Interest="1.0" Kind="selection" Navigation="null" OriginId="org.eclipse.ui.views.ResourceNavigator" StartDate="2013-04-04 22:12:18.296 CDT" StructureHandle="/HouseMonitor/docs/distribute_setup.rst" StructureKind="resource"/><InteractionEvent Delta="null" EndDate="2013-04-04 22:19:28.919 CDT" Interest="64.0" Kind="selection" Navigation="null" OriginId="org.eclipse.ui.views.ResourceNavigator" StartDate="2013-04-04 22:18:52.696 CDT" StructureHandle="/HouseMonitor/docs/_build/html/_modules/housemonitor/lib/currentvalues.html" StructureKind="resource" NumEvents="64" CreationCount="421"/><InteractionEvent Delta="null" EndDate="2013-04-04 22:19:28.919 CDT" Interest="45.0" Kind="selection" Navigation="null" OriginId="org.eclipse.ui.views.ResourceNavigator" StartDate="2013-04-04 22:19:01.635 CDT" StructureHandle="/HouseMonitor/docs/_build/html/_modules/housemonitor/outputs/xmlrpc/outputthread.html" StructureKind="resource" NumEvents="45" CreationCount="687"/><InteractionEvent Delta="null" EndDate="2013-04-04 22:21:43.298 CDT" Interest="3.0" Kind="selection" Navigation="null" OriginId="org.eclipse.ui.views.ResourceNavigator" StartDate="2013-04-04 22:15:08.445 CDT" StructureHandle="/HouseMonitor/docs/_build/html/_static/doctools.js" StructureKind="resource" NumEvents="3" CreationCount="53"/><InteractionEvent Delta="null" EndDate="2013-04-04 22:20:11.382 CDT" Interest="38.61" Kind="manipulation" Navigation="null" OriginId="org.eclipse.mylyn.core.model.interest.decay.correction" StartDate="2013-04-04 22:20:11.382 CDT" StructureHandle="/HouseMonitor/docs/_build/html/_static/doctools.js" StructureKind="resource"/><InteractionEvent Delta="null" EndDate="2013-04-04 22:19:28.919 CDT" Interest="47.0" Kind="selection" Navigation="null" OriginId="org.eclipse.ui.views.ResourceNavigator" StartDate="2013-04-04 22:19:00.402 CDT" StructureHandle="/HouseMonitor/docs/_build/html/_modules/housemonitor/outputs/xmlrpc" StructureKind="resource" NumEvents="47" CreationCount="642"/><InteractionEvent Delta="null" EndDate="2013-04-04 22:18:21.777 CDT" Interest="15.0" Kind="selection" Navigation="null" OriginId="org.eclipse.ui.views.ResourceNavigator" StartDate="2013-04-04 22:18:07.581 CDT" StructureHandle="/HouseMonitor/docs/_build/html/_modules/housemonitor/inputs/zigbeeinput" StructureKind="resource" NumEvents="15" CreationCount="152"/><InteractionEvent Delta="null" EndDate="2013-04-04 22:19:28.919 CDT" Interest="46.0" Kind="selection" Navigation="null" OriginId="org.eclipse.ui.views.ResourceNavigator" StartDate="2013-04-04 22:19:01.416 CDT" StructureHandle="/HouseMonitor/docs/_build/html/_modules/housemonitor/outputs/xmlrpc/control.html" StructureKind="resource" NumEvents="46" CreationCount="664"/><InteractionEvent Delta="null" EndDate="2013-04-04 22:19:28.919 CDT" Interest="50.0" Kind="selection" Navigation="null" OriginId="org.eclipse.ui.views.ResourceNavigator" StartDate="2013-04-04 22:18:59.357 CDT" StructureHandle="/HouseMonitor/docs/_build/html/_modules/housemonitor/outputs/cosm/outputthread.html" StructureKind="resource" NumEvents="50" CreationCount="582"/><InteractionEvent Delta="null" EndDate="2013-04-04 22:33:07.909 CDT" Interest="3.0" Kind="prediction" Navigation="null" OriginId="org.eclipse.mylyn.resources.ui.interest.updater" StartDate="2013-04-04 22:14:30.865 CDT" StructureHandle="/HouseMonitor/tasks/tasks.xml.zip" StructureKind="resource" NumEvents="3" CreationCount="12"/><InteractionEvent Delta="null" EndDate="2013-04-04 22:14:54.624 CDT" Interest="1.0" Kind="selection" Navigation="null" OriginId="org.eclipse.ui.views.ResourceNavigator" StartDate="2013-04-04 22:14:54.624 CDT" StructureHandle="/HouseMonitor/docs/_build/html/housemonitor.inputs.test.html" StructureKind="resource"/><InteractionEvent Delta="null" EndDate="2013-04-04 22:19:28.935 CDT" Interest="32.0" Kind="selection" Navigation="null" OriginId="org.eclipse.ui.views.ResourceNavigator" StartDate="2013-04-04 22:19:04.864 CDT" StructureHandle="/HouseMonitor/docs/_build/html/_modules/housemonitor/outputs/zigbee/zigbeeoutput.html" StructureKind="resource" NumEvents="32" CreationCount="838"/><InteractionEvent Delta="null" EndDate="2013-04-04 22:19:08.140 CDT" Interest="2.7570002" Kind="manipulation" Navigation="null" OriginId="org.eclipse.mylyn.core.model.interest.decay.correction" StartDate="2013-04-04 22:19:08.140 CDT" StructureHandle="/HouseMonitor/docs/_build/html/_modules/housemonitor/outputs/zigbee/zigbeeoutput.html" StructureKind="resource"/><InteractionEvent Delta="null" EndDate="2013-04-04 22:14:54.639 CDT" Interest="1.0" Kind="selection" Navigation="null" OriginId="org.eclipse.ui.views.ResourceNavigator" StartDate="2013-04-04 22:14:54.639 CDT" StructureHandle="/HouseMonitor/docs/_build/html/setup.html" StructureKind="resource"/><InteractionEvent Delta="null" EndDate="2013-04-04 22:21:43.298 CDT" Interest="3.0" Kind="selection" Navigation="null" OriginId="org.eclipse.ui.views.ResourceNavigator" StartDate="2013-04-04 22:15:08.445 CDT" StructureHandle="/HouseMonitor/docs/_build/html/_static/plus.png" StructureKind="resource" NumEvents="3" CreationCount="59"/><InteractionEvent Delta="null" EndDate="2013-04-04 22:20:11.382 CDT" Interest="38.61" Kind="manipulation" Navigation="null" OriginId="org.eclipse.mylyn.core.model.interest.decay.correction" StartDate="2013-04-04 22:20:11.382 CDT" StructureHandle="/HouseMonitor/docs/_build/html/_static/plus.png" StructureKind="resource"/><InteractionEvent Delta="null" EndDate="2013-04-04 22:19:28.919 CDT" Interest="33.0" Kind="selection" Navigation="null" OriginId="org.eclipse.ui.views.ResourceNavigator" StartDate="2013-04-04 22:19:07.656 CDT" StructureHandle="/HouseMonitor/docs/_build/html/_modules/housemonitor/outputs/zigbee/test/zigbeeoutputthread_test.html" StructureKind="resource" NumEvents="33" CreationCount="999"/><InteractionEvent Delta="null" EndDate="2013-04-04 22:14:54.639 CDT" Interest="1.0" Kind="selection" Navigation="null" OriginId="org.eclipse.ui.views.ResourceNavigator" StartDate="2013-04-04 22:14:54.639 CDT" StructureHandle="/HouseMonitor/docs/_build/html/py-modindex.html" StructureKind="resource"/><InteractionEvent Delta="null" EndDate="2013-04-04 22:14:54.639 CDT" Interest="1.0" Kind="selection" Navigation="null" OriginId="org.eclipse.ui.views.ResourceNavigator" StartDate="2013-04-04 22:14:54.639 CDT" StructureHandle="/HouseMonitor/docs/_build/html/modules.html" StructureKind="resource"/><InteractionEvent Delta="null" EndDate="2013-04-04 22:14:54.639 CDT" Interest="1.0" Kind="selection" Navigation="null" OriginId="org.eclipse.ui.views.ResourceNavigator" StartDate="2013-04-04 22:14:54.639 CDT" StructureHandle="/HouseMonitor/docs/_build/html/housemonitor.outputs.cosm.html" StructureKind="resource"/><InteractionEvent Delta="null" EndDate="2013-04-04 22:19:28.919 CDT" Interest="66.0" Kind="selection" Navigation="null" OriginId="org.eclipse.ui.views.ResourceNavigator" StartDate="2013-04-04 22:18:50.309 CDT" StructureHandle="/HouseMonitor/docs/_build/html/_modules/housemonitor/lib/base.html" StructureKind="resource" NumEvents="66" CreationCount="414"/><InteractionEvent Delta="null" EndDate="2013-04-04 22:19:28.919 CDT" Interest="36.0" Kind="selection" Navigation="null" OriginId="org.eclipse.ui.views.ResourceNavigator" StartDate="2013-04-04 22:19:07.17 CDT" StructureHandle="/HouseMonitor/docs/_build/html/_modules/housemonitor/outputs/zigbee/test/zigbeecontrol_test.html" StructureKind="resource" NumEvents="36" CreationCount="915"/><InteractionEvent Delta="null" EndDate="2013-04-04 22:14:54.639 CDT" Interest="1.0" Kind="selection" Navigation="null" OriginId="org.eclipse.ui.views.ResourceNavigator" StartDate="2013-04-04 22:14:54.639 CDT" StructureHandle="/HouseMonitor/docs/_build/html/index.html" StructureKind="resource"/><InteractionEvent Delta="null" EndDate="2013-04-04 22:14:54.639 CDT" Interest="1.0" Kind="selection" Navigation="null" OriginId="org.eclipse.ui.views.ResourceNavigator" StartDate="2013-04-04 22:14:54.639 CDT" StructureHandle="/HouseMonitor/docs/_build/html/housemonitor.steps.html" StructureKind="resource"/><InteractionEvent Delta="null" EndDate="2013-04-04 22:42:48.137 CDT" Interest="2.0" Kind="selection" Navigation="null" OriginId="org.eclipse.ui.views.ResourceNavigator" StartDate="2013-04-04 22:14:54.639 CDT" StructureHandle="/HouseMonitor/docs/_build/html/notes.html" StructureKind="resource" NumEvents="2" CreationCount="39"/><InteractionEvent Delta="null" EndDate="2013-04-04 22:42:48.137 CDT" Interest="43.710003" Kind="manipulation" Navigation="null" OriginId="org.eclipse.mylyn.core.model.interest.decay.correction" StartDate="2013-04-04 22:42:48.137 CDT" StructureHandle="/HouseMonitor/docs/_build/html/notes.html" StructureKind="resource"/><InteractionEvent Delta="null" EndDate="2013-04-04 22:14:54.624 CDT" Interest="1.0" Kind="selection" Navigation="null" OriginId="org.eclipse.ui.views.ResourceNavigator" StartDate="2013-04-04 22:14:54.624 CDT" StructureHandle="/HouseMonitor/docs/_build/html/housemonitor.inputs.zigbeeinput.test.html" StructureKind="resource"/><InteractionEvent Delta="null" EndDate="2013-04-04 22:19:28.935 CDT" Interest="25.0" Kind="selection" Navigation="null" OriginId="org.eclipse.ui.views.ResourceNavigator" StartDate="2013-04-04 22:19:13.7 CDT" StructureHandle="/HouseMonitor/docs/_build/html/_modules/housemonitor/steps/average.html" StructureKind="resource" NumEvents="25" CreationCount="1267"/><InteractionEvent Delta="null" EndDate="2013-04-04 22:17:29.548 CDT" Interest="2.0" Kind="selection" Navigation="null" OriginId="org.eclipse.ui.views.ResourceNavigator" StartDate="2013-04-04 22:17:28.830 CDT" StructureHandle="/HouseMonitor/docs/_build/html/_modules/housemonitor/configuration/xmlconfiguration.html" StructureKind="resource" NumEvents="2" CreationCount="81"/><InteractionEvent Delta="null" EndDate="2013-04-04 22:19:28.935 CDT" Interest="22.0" Kind="selection" Navigation="null" OriginId="org.eclipse.ui.views.ResourceNavigator" StartDate="2013-04-04 22:19:14.427 CDT" StructureHandle="/HouseMonitor/docs/_build/html/_modules/housemonitor/steps/doorstate.html" StructureKind="resource" NumEvents="22" CreationCount="1384"/><InteractionEvent Delta="null" EndDate="2013-04-04 22:18:21.792 CDT" Interest="8.0" Kind="selection" Navigation="null" OriginId="org.eclipse.ui.views.ResourceNavigator" StartDate="2013-04-04 22:18:14.959 CDT" StructureHandle="/HouseMonitor/docs/_build/html/_modules/housemonitor/inputs/zigbeeinput/main.html" StructureKind="resource" NumEvents="8" CreationCount="257"/><InteractionEvent Delta="null" EndDate="2013-04-04 22:18:21.777 CDT" Interest="11.0" Kind="selection" Navigation="null" OriginId="org.eclipse.ui.views.ResourceNavigator" StartDate="2013-04-04 22:18:12.463 CDT" StructureHandle="/HouseMonitor/docs/_build/html/_modules/housemonitor/inputs/zigbeeinput/test/xbeecommunications_test.html" StructureKind="resource" NumEvents="11" CreationCount="206"/><InteractionEvent Delta="null" EndDate="2013-04-04 22:21:43.298 CDT" Interest="3.0" Kind="selection" Navigation="null" OriginId="org.eclipse.ui.views.ResourceNavigator" StartDate="2013-04-04 22:15:08.445 CDT" StructureHandle="/HouseMonitor/docs/_build/html/_static/file.png" StructureKind="resource" NumEvents="3" CreationCount="56"/><InteractionEvent Delta="null" EndDate="2013-04-04 22:20:11.382 CDT" Interest="38.61" Kind="manipulation" Navigation="null" OriginId="org.eclipse.mylyn.core.model.interest.decay.correction" StartDate="2013-04-04 22:20:11.382 CDT" StructureHandle="/HouseMonitor/docs/_build/html/_static/file.png" StructureKind="resource"/><InteractionEvent Delta="null" EndDate="2013-04-04 22:14:54.624 CDT" Interest="1.0" Kind="selection" Navigation="null" OriginId="org.eclipse.ui.views.ResourceNavigator" StartDate="2013-04-04 22:14:54.624 CDT" StructureHandle="/HouseMonitor/docs/_build/html/housemonitor.html" StructureKind="resource"/><InteractionEvent Delta="null" EndDate="2013-04-04 22:21:43.298 CDT" Interest="3.0" Kind="selection" Navigation="null" OriginId="org.eclipse.ui.views.ResourceNavigator" StartDate="2013-04-04 22:15:08.445 CDT" StructureHandle="/HouseMonitor/docs/_build/html/_static/underscore.js" StructureKind="resource" NumEvents="3" CreationCount="63"/><InteractionEvent Delta="null" EndDate="2013-04-04 22:20:11.382 CDT" Interest="38.61" Kind="manipulation" Navigation="null" OriginId="org.eclipse.mylyn.core.model.interest.decay.correction" StartDate="2013-04-04 22:20:11.382 CDT" StructureHandle="/HouseMonitor/docs/_build/html/_static/underscore.js" StructureKind="resource"/><InteractionEvent Delta="null" EndDate="2013-04-04 22:19:28.935 CDT" Interest="29.0" Kind="selection" Navigation="null" OriginId="org.eclipse.ui.views.ResourceNavigator" StartDate="2013-04-04 22:19:02.383 CDT" StructureHandle="/HouseMonitor/docs/_build/html/_modules/housemonitor/outputs/ioutput.html" StructureKind="resource" NumEvents="29" CreationCount="736"/><InteractionEvent Delta="null" EndDate="2013-04-04 22:19:09.201 CDT" Interest="6.1740003" Kind="manipulation" Navigation="null" OriginId="org.eclipse.mylyn.core.model.interest.decay.correction" StartDate="2013-04-04 22:19:09.201 CDT" StructureHandle="/HouseMonitor/docs/_build/html/_modules/housemonitor/outputs/ioutput.html" StructureKind="resource"/><InteractionEvent Delta="null" EndDate="2013-04-04 22:14:54.639 CDT" Interest="1.0" Kind="selection" Navigation="null" OriginId="org.eclipse.ui.views.ResourceNavigator" StartDate="2013-04-04 22:14:54.639 CDT" StructureHandle="/HouseMonitor/docs/_build/html/housemonitor.lib.test.html" StructureKind="resource"/><InteractionEvent Delta="null" EndDate="2013-04-04 22:19:28.919 CDT" Interest="51.0" Kind="selection" Navigation="null" OriginId="org.eclipse.ui.views.ResourceNavigator" StartDate="2013-04-04 22:18:59.139 CDT" StructureHandle="/HouseMonitor/docs/_build/html/_modules/housemonitor/outputs/cosm/control.html" StructureKind="resource" NumEvents="51" CreationCount="564"/><InteractionEvent Delta="null" EndDate="2013-04-04 22:14:54.639 CDT" Interest="1.0" Kind="selection" Navigation="null" OriginId="org.eclipse.ui.views.ResourceNavigator" StartDate="2013-04-04 22:14:54.639 CDT" StructureHandle="/HouseMonitor/docs/_build/html/objects.inv" StructureKind="resource"/><InteractionEvent Delta="null" EndDate="2013-04-04 22:14:34.125 CDT" Interest="1.0" Kind="selection" Navigation="null" OriginId="org.eclipse.ui.views.ResourceNavigator" StartDate="2013-04-04 22:14:34.125 CDT" StructureHandle="/HouseMonitor/docs/_build/html" StructureKind="resource"/><InteractionEvent Delta="null" EndDate="2013-04-04 22:19:28.919 CDT" Interest="72.74901" Kind="propagation" Navigation="org.eclipse.mylyn.core.model.edges.containment" OriginId="org.eclipse.mylyn.core.model.interest.propagation" StartDate="2013-04-04 22:14:51.769 CDT" StructureHandle="/HouseMonitor/docs/_build/html" StructureKind="resource" NumEvents="234" CreationCount="15"/><InteractionEvent Delta="null" EndDate="2013-04-04 22:14:54.639 CDT" Interest="1.0" Kind="selection" Navigation="null" OriginId="org.eclipse.ui.views.ResourceNavigator" StartDate="2013-04-04 22:14:54.639 CDT" StructureHandle="/HouseMonitor/docs/_build/html/housemonitor.outputs.cosm.test.html" StructureKind="resource"/><InteractionEvent Delta="null" EndDate="2013-04-04 22:13:32.989 CDT" Interest="2.0" Kind="edit" Navigation="null" OriginId="org.eclipse.ant.ui.internal.editor.AntEditor" StartDate="2013-04-04 22:12:30.714 CDT" StructureHandle="/HouseMonitor/build.xml" StructureKind="resource" NumEvents="2" CreationCount="3"/><InteractionEvent Delta="null" EndDate="2013-04-04 22:14:11.69 CDT" Interest="6.0" Kind="selection" Navigation="null" OriginId="org.eclipse.ui.views.ResourceNavigator" StartDate="2013-04-04 22:12:28.873 CDT" StructureHandle="/HouseMonitor/build.xml" StructureKind="resource" NumEvents="6" CreationCount="3"/><InteractionEvent Delta="null" EndDate="2013-04-04 22:19:28.919 CDT" Interest="48.0" Kind="selection" Navigation="null" OriginId="org.eclipse.ui.views.ResourceNavigator" StartDate="2013-04-04 22:18:59.763 CDT" StructureHandle="/HouseMonitor/docs/_build/html/_modules/housemonitor/outputs/cosm/send.html" StructureKind="resource" NumEvents="48" CreationCount="621"/><InteractionEvent Delta="null" EndDate="2013-04-04 22:14:54.624 CDT" Interest="1.0" Kind="selection" Navigation="null" OriginId="org.eclipse.ui.views.ResourceNavigator" StartDate="2013-04-04 22:14:54.624 CDT" StructureHandle="/HouseMonitor/docs/_build/html/housemonitor.hm.html" StructureKind="resource"/><InteractionEvent Delta="null" EndDate="2013-04-04 22:18:21.792 CDT" Interest="5.0" Kind="selection" Navigation="null" OriginId="org.eclipse.ui.views.ResourceNavigator" StartDate="2013-04-04 22:18:17.627 CDT" StructureHandle="/HouseMonitor/docs/_build/html/_modules/housemonitor/inputs/zigbeeinput/xbeeinputthread.html" StructureKind="resource" NumEvents="5" CreationCount="317"/><InteractionEvent Delta="null" EndDate="2013-04-04 22:16:13.622 CDT" Interest="2.0" Kind="propagation" Navigation="org.eclipse.mylyn.core.model.edges.containment" OriginId="org.eclipse.mylyn.core.model.interest.propagation" StartDate="2013-04-04 22:14:30.865 CDT" StructureHandle="/HouseMonitor/tasks" StructureKind="resource" NumEvents="2" CreationCount="12"/><InteractionEvent Delta="null" EndDate="2013-04-04 22:18:21.777 CDT" Interest="24.0" Kind="selection" Navigation="null" OriginId="org.eclipse.ui.views.ResourceNavigator" StartDate="2013-04-04 22:17:46.645 CDT" StructureHandle="/HouseMonitor/docs/_build/html/_modules/housemonitor/hm/inputthead.html" StructureKind="resource" NumEvents="24" CreationCount="89"/><InteractionEvent Delta="null" EndDate="2013-04-04 22:19:28.919 CDT" Interest="67.0" Kind="selection" Navigation="null" OriginId="org.eclipse.ui.views.ResourceNavigator" StartDate="2013-04-04 22:18:49.482 CDT" StructureHandle="/HouseMonitor/docs/_build/html/_modules/housemonitor/lib" StructureKind="resource" NumEvents="67" CreationCount="412"/><InteractionEvent Delta="null" EndDate="2013-04-04 22:21:43.298 CDT" Interest="4.0" Kind="selection" Navigation="null" OriginId="org.eclipse.ui.views.ResourceNavigator" StartDate="2013-04-04 22:15:08.445 CDT" StructureHandle="/HouseMonitor/docs/_build/html/_static/comment-bright.png" StructureKind="resource" NumEvents="4" CreationCount="49"/><InteractionEvent Delta="null" EndDate="2013-04-04 22:20:11.382 CDT" Interest="37.61" Kind="manipulation" Navigation="null" OriginId="org.eclipse.mylyn.core.model.interest.decay.correction" StartDate="2013-04-04 22:19:21.993 CDT" StructureHandle="/HouseMonitor/docs/_build/html/_static/comment-bright.png" StructureKind="resource" NumEvents="2" CreationCount="49"/><InteractionEvent Delta="null" EndDate="2013-04-04 22:21:43.298 CDT" Interest="3.0" Kind="selection" Navigation="null" OriginId="org.eclipse.ui.views.ResourceNavigator" StartDate="2013-04-04 22:15:08.445 CDT" StructureHandle="/HouseMonitor/docs/_build/html/_static/down-pressed.png" StructureKind="resource" NumEvents="3" CreationCount="54"/><InteractionEvent Delta="null" EndDate="2013-04-04 22:20:11.382 CDT" Interest="38.61" Kind="manipulation" Navigation="null" OriginId="org.eclipse.mylyn.core.model.interest.decay.correction" StartDate="2013-04-04 22:20:11.382 CDT" StructureHandle="/HouseMonitor/docs/_build/html/_static/down-pressed.png" StructureKind="resource"/><InteractionEvent Delta="null" EndDate="2013-04-04 22:19:28.919 CDT" Interest="44.0" Kind="selection" Navigation="null" OriginId="org.eclipse.ui.views.ResourceNavigator" StartDate="2013-04-04 22:19:01.869 CDT" StructureHandle="/HouseMonitor/docs/_build/html/_modules/housemonitor/outputs/zigbee" StructureKind="resource" NumEvents="44" CreationCount="711"/><InteractionEvent Delta="null" EndDate="2013-04-04 22:21:43.298 CDT" Interest="3.0" Kind="selection" Navigation="null" OriginId="org.eclipse.ui.views.ResourceNavigator" StartDate="2013-04-04 22:15:08.445 CDT" StructureHandle="/HouseMonitor/docs/_build/html/_static/pygments.css" StructureKind="resource" NumEvents="3" CreationCount="60"/><InteractionEvent Delta="null" EndDate="2013-04-04 22:20:11.382 CDT" Interest="38.61" Kind="manipulation" Navigation="null" OriginId="org.eclipse.mylyn.core.model.interest.decay.correction" StartDate="2013-04-04 22:20:11.382 CDT" StructureHandle="/HouseMonitor/docs/_build/html/_static/pygments.css" StructureKind="resource"/><InteractionEvent Delta="null" EndDate="2013-04-04 22:19:28.919 CDT" Interest="65.0" Kind="selection" Navigation="null" OriginId="org.eclipse.ui.views.ResourceNavigator" StartDate="2013-04-04 22:18:51.276 CDT" StructureHandle="/HouseMonitor/docs/_build/html/_modules/housemonitor/lib/constants.html" StructureKind="resource" NumEvents="65" CreationCount="417"/><InteractionEvent Delta="null" EndDate="2013-04-04 22:14:54.624 CDT" Interest="1.0" Kind="selection" Navigation="null" OriginId="org.eclipse.ui.views.ResourceNavigator" StartDate="2013-04-04 22:14:54.624 CDT" StructureHandle="/HouseMonitor/docs/_build/html/housemonitor.inputs.html" StructureKind="resource"/><InteractionEvent Delta="null" EndDate="2013-04-04 22:14:54.624 CDT" Interest="1.0" Kind="selection" Navigation="null" OriginId="org.eclipse.ui.views.ResourceNavigator" StartDate="2013-04-04 22:14:54.624 CDT" StructureHandle="/HouseMonitor/docs/_build/html/housemonitor.inputs.zigbeeinput.html" StructureKind="resource"/><InteractionEvent Delta="null" EndDate="2013-04-04 22:21:43.298 CDT" Interest="6.0" Kind="selection" Navigation="null" OriginId="org.eclipse.ui.views.ResourceNavigator" StartDate="2013-04-04 22:15:08.430 CDT" StructureHandle="/HouseMonitor/docs/_build/html/_static/basic.css" StructureKind="resource" NumEvents="6" CreationCount="48"/><InteractionEvent Delta="null" EndDate="2013-04-04 22:20:11.382 CDT" Interest="35.61" Kind="manipulation" Navigation="null" OriginId="org.eclipse.mylyn.core.model.interest.decay.correction" StartDate="2013-04-04 22:19:21.181 CDT" StructureHandle="/HouseMonitor/docs/_build/html/_static/basic.css" StructureKind="resource" NumEvents="2" CreationCount="48"/><InteractionEvent Delta="null" EndDate="2013-04-04 22:18:21.792 CDT" Interest="4.0" Kind="selection" Navigation="null" OriginId="org.eclipse.ui.views.ResourceNavigator" StartDate="2013-04-04 22:18:18.672 CDT" StructureHandle="/HouseMonitor/docs/_build/html/_modules/housemonitor/inputs/dataenvelope.html" StructureKind="resource" NumEvents="4" CreationCount="339"/><InteractionEvent Delta="null" EndDate="2013-04-04 22:21:50.115 CDT" Interest="28.0" Kind="selection" Navigation="null" OriginId="org.eclipse.ui.views.ResourceNavigator" StartDate="2013-04-04 22:15:43.530 CDT" StructureHandle="/HouseMonitor/docs/_build/html/_modules/housemonitor/steps/abc_step.html" StructureKind="resource" NumEvents="28" CreationCount="70"/><InteractionEvent Delta="null" EndDate="2013-04-04 22:19:10.371 CDT" Interest="18.703001" Kind="manipulation" Navigation="null" OriginId="org.eclipse.mylyn.core.model.interest.decay.correction" StartDate="2013-04-04 22:19:10.371 CDT" StructureHandle="/HouseMonitor/docs/_build/html/_modules/housemonitor/steps/abc_step.html" StructureKind="resource"/><InteractionEvent Delta="null" EndDate="2013-04-04 22:19:28.919 CDT" Interest="54.0" Kind="selection" Navigation="null" OriginId="org.eclipse.ui.views.ResourceNavigator" StartDate="2013-04-04 22:18:58.577 CDT" StructureHandle="/HouseMonitor/docs/_build/html/_modules/housemonitor/outputs/cosm/test/outputstep_test.html" StructureKind="resource" NumEvents="54" CreationCount="516"/><InteractionEvent Delta="null" EndDate="2013-04-04 22:18:21.777 CDT" Interest="19.0" Kind="selection" Navigation="null" OriginId="org.eclipse.ui.views.ResourceNavigator" StartDate="2013-04-04 22:18:03.135 CDT" StructureHandle="/HouseMonitor/docs/_build/html/_modules/housemonitor/inputs/test/dataenvelope_test.html" StructureKind="resource" NumEvents="19" CreationCount="114"/><InteractionEvent Delta="null" EndDate="2013-04-04 22:19:28.919 CDT" Interest="49.0" Kind="selection" Navigation="null" OriginId="org.eclipse.ui.views.ResourceNavigator" StartDate="2013-04-04 22:18:59.560 CDT" StructureHandle="/HouseMonitor/docs/_build/html/_modules/housemonitor/outputs/cosm/queue.html" StructureKind="resource" NumEvents="49" CreationCount="601"/><InteractionEvent Delta="null" EndDate="2013-04-04 22:18:21.777 CDT" Interest="20.0" Kind="selection" Navigation="null" OriginId="org.eclipse.ui.views.ResourceNavigator" StartDate="2013-04-04 22:18:02.495 CDT" StructureHandle="/HouseMonitor/docs/_build/html/_modules/housemonitor/inputs/test/abc_input_test.html" StructureKind="resource" NumEvents="20" CreationCount="107"/><InteractionEvent Delta="null" EndDate="2013-04-04 22:18:21.777 CDT" Interest="17.0" Kind="selection" Navigation="null" OriginId="org.eclipse.ui.views.ResourceNavigator" StartDate="2013-04-04 22:18:04.866 CDT" StructureHandle="/HouseMonitor/docs/_build/html/_modules/housemonitor/inputs/test/processinput_test.html" StructureKind="resource" NumEvents="17" CreationCount="131"/><InteractionEvent Delta="null" EndDate="2013-04-04 22:17:29.532 CDT" Interest="4.0" Kind="propagation" Navigation="org.eclipse.mylyn.core.model.edges.containment" OriginId="org.eclipse.mylyn.core.model.interest.propagation" StartDate="2013-04-04 22:17:27.36 CDT" StructureHandle="/HouseMonitor/docs/_build/html/_modules/housemonitor/configuration" StructureKind="resource" NumEvents="4" CreationCount="76"/><InteractionEvent Delta="null" EndDate="2013-04-04 22:19:28.919 CDT" Interest="52.0" Kind="selection" Navigation="null" OriginId="org.eclipse.ui.views.ResourceNavigator" StartDate="2013-04-04 22:18:58.951 CDT" StructureHandle="/HouseMonitor/docs/_build/html/_modules/housemonitor/outputs/cosm/test/send_test.html" StructureKind="resource" NumEvents="52" CreationCount="547"/><InteractionEvent Delta="null" EndDate="2013-04-04 22:19:28.919 CDT" Interest="58.0" Kind="selection" Navigation="null" OriginId="org.eclipse.ui.views.ResourceNavigator" StartDate="2013-04-04 22:18:54.6 CDT" StructureHandle="/HouseMonitor/docs/_build/html/_modules/housemonitor/outputs" StructureKind="resource" NumEvents="58" CreationCount="466"/><InteractionEvent Delta="null" EndDate="2013-04-04 22:14:54.624 CDT" Interest="1.0" Kind="selection" Navigation="null" OriginId="org.eclipse.ui.views.ResourceNavigator" StartDate="2013-04-04 22:14:54.624 CDT" StructureHandle="/HouseMonitor/docs/_build/html/housemonitor.configuration.html" StructureKind="resource"/><InteractionEvent Delta="null" EndDate="2013-04-04 22:19:28.919 CDT" Interest="61.0" Kind="selection" Navigation="null" OriginId="org.eclipse.ui.views.ResourceNavigator" StartDate="2013-04-04 22:18:53.445 CDT" StructureHandle="/HouseMonitor/docs/_build/html/_modules/housemonitor/lib/moduleloader.html" StructureKind="resource" NumEvents="61" CreationCount="439"/><InteractionEvent Delta="null" EndDate="2013-04-04 22:17:29.548 CDT" Interest="1.0" Kind="selection" Navigation="null" OriginId="org.eclipse.ui.views.ResourceNavigator" StartDate="2013-04-04 22:17:29.548 CDT" StructureHandle="/HouseMonitor/docs/_build/html/_modules/housemonitor/configuration/xmlDeviceConfiguration.html" StructureKind="resource"/><InteractionEvent Delta="null" EndDate="2013-04-04 22:19:28.935 CDT" Interest="30.0" Kind="selection" Navigation="null" OriginId="org.eclipse.ui.views.ResourceNavigator" StartDate="2013-04-04 22:19:08.748 CDT" StructureHandle="/HouseMonitor/docs/_build/html/_modules/housemonitor/outputs/zigbee/zigbeeoutputstep.html" StructureKind="resource" NumEvents="30" CreationCount="1092"/><InteractionEvent Delta="null" EndDate="2013-04-04 22:18:21.792 CDT" Interest="6.0" Kind="selection" Navigation="null" OriginId="org.eclipse.ui.views.ResourceNavigator" StartDate="2013-04-04 22:18:16.816 CDT" StructureHandle="/HouseMonitor/docs/_build/html/_modules/housemonitor/inputs/zigbeeinput/xbeecommunications.html" StructureKind="resource" NumEvents="6" CreationCount="296"/><InteractionEvent Delta="null" EndDate="2013-04-04 22:17:29.548 CDT" Interest="3.0" Kind="selection" Navigation="null" OriginId="org.eclipse.ui.views.ResourceNavigator" StartDate="2013-04-04 22:17:27.863 CDT" StructureHandle="/HouseMonitor/docs/_build/html/_modules/housemonitor/configuration/formatconfiguration.html" StructureKind="resource" NumEvents="3" CreationCount="78"/><InteractionEvent Delta="null" EndDate="2013-04-04 22:14:54.639 CDT" Interest="1.0" Kind="selection" Navigation="null" OriginId="org.eclipse.ui.views.ResourceNavigator" StartDate="2013-04-04 22:14:54.639 CDT" StructureHandle="/HouseMonitor/docs/_build/html/housemonitor.outputs.zigbee.test.html" StructureKind="resource"/><InteractionEvent Delta="null" EndDate="2013-04-04 22:14:54.624 CDT" Interest="1.0" Kind="selection" Navigation="null" OriginId="org.eclipse.ui.views.ResourceNavigator" StartDate="2013-04-04 22:14:54.624 CDT" StructureHandle="/HouseMonitor/docs/_build/html/housemonitor.configuration.test.html" StructureKind="resource"/><InteractionEvent Delta="null" EndDate="2013-04-04 22:21:43.298 CDT" Interest="3.0" Kind="selection" Navigation="null" OriginId="org.eclipse.ui.views.ResourceNavigator" StartDate="2013-04-04 22:15:08.445 CDT" StructureHandle="/HouseMonitor/docs/_build/html/_static/down.png" StructureKind="resource" NumEvents="3" CreationCount="55"/><InteractionEvent Delta="null" EndDate="2013-04-04 22:20:11.382 CDT" Interest="38.61" Kind="manipulation" Navigation="null" OriginId="org.eclipse.mylyn.core.model.interest.decay.correction" StartDate="2013-04-04 22:20:11.382 CDT" StructureHandle="/HouseMonitor/docs/_build/html/_static/down.png" StructureKind="resource"/><InteractionEvent Delta="null" EndDate="2013-04-04 22:19:23.755 CDT" Interest="9.0" Kind="selection" Navigation="null" OriginId="org.eclipse.ui.views.ResourceNavigator" StartDate="2013-04-04 22:15:21.596 CDT" StructureHandle="/HouseMonitor/docs/_build/html/_static" StructureKind="resource" NumEvents="9" CreationCount="46"/><InteractionEvent Delta="null" EndDate="2013-04-04 22:21:43.298 CDT" Interest="7.9959984" Kind="propagation" Navigation="org.eclipse.mylyn.core.model.edges.containment" OriginId="org.eclipse.mylyn.core.model.interest.propagation" StartDate="2013-04-04 22:15:06.870 CDT" StructureHandle="/HouseMonitor/docs/_build/html/_static" StructureKind="resource" NumEvents="8" CreationCount="46"/><InteractionEvent Delta="null" EndDate="2013-04-04 22:19:19.497 CDT" Interest="25.614002" Kind="manipulation" Navigation="null" OriginId="org.eclipse.mylyn.core.model.interest.decay.correction" StartDate="2013-04-04 22:19:19.497 CDT" StructureHandle="/HouseMonitor/docs/_build/html/_static" StructureKind="resource"/><InteractionEvent Delta="null" EndDate="2013-04-04 22:19:28.935 CDT" Interest="20.0" Kind="selection" Navigation="null" OriginId="org.eclipse.ui.views.ResourceNavigator" StartDate="2013-04-04 22:19:15.784 CDT" StructureHandle="/HouseMonitor/docs/_build/html/_modules/housemonitor/steps/onbooleanchange.html" StructureKind="resource" NumEvents="20" CreationCount="1467"/><InteractionEvent Delta="null" EndDate="2013-04-04 22:19:28.935 CDT" Interest="29.0" Kind="selection" Navigation="null" OriginId="org.eclipse.ui.views.ResourceNavigator" StartDate="2013-04-04 22:19:08.998 CDT" StructureHandle="/HouseMonitor/docs/_build/html/_modules/housemonitor/outputs/zigbee/zigbeeoutputthread.html" StructureKind="resource" NumEvents="29" CreationCount="1125"/><InteractionEvent Delta="null" EndDate="2013-04-04 22:18:21.792 CDT" Interest="7.0" Kind="selection" Navigation="null" OriginId="org.eclipse.ui.views.ResourceNavigator" StartDate="2013-04-04 22:18:16.98 CDT" StructureHandle="/HouseMonitor/docs/_build/html/_modules/housemonitor/inputs/zigbeeinput/windowsxbeecommunications.html" StructureKind="resource" NumEvents="7" CreationCount="276"/><InteractionEvent Delta="null" EndDate="2013-04-04 22:21:43.298 CDT" Interest="3.0" Kind="selection" Navigation="null" OriginId="org.eclipse.ui.views.ResourceNavigator" StartDate="2013-04-04 22:15:08.445 CDT" StructureHandle="/HouseMonitor/docs/_build/html/_static/jquery.js" StructureKind="resource" NumEvents="3" CreationCount="57"/><InteractionEvent Delta="null" EndDate="2013-04-04 22:20:11.382 CDT" Interest="38.61" Kind="manipulation" Navigation="null" OriginId="org.eclipse.mylyn.core.model.interest.decay.correction" StartDate="2013-04-04 22:20:11.382 CDT" StructureHandle="/HouseMonitor/docs/_build/html/_static/jquery.js" StructureKind="resource"/><InteractionEvent Delta="null" EndDate="2013-04-04 22:19:28.935 CDT" Interest="21.0" Kind="selection" Navigation="null" OriginId="org.eclipse.ui.views.ResourceNavigator" StartDate="2013-04-04 22:19:15.534 CDT" StructureHandle="/HouseMonitor/docs/_build/html/_modules/housemonitor/steps/formatvalue.html" StructureKind="resource" NumEvents="21" CreationCount="1425"/><InteractionEvent Delta="null" EndDate="2013-04-04 22:14:54.639 CDT" Interest="1.0" Kind="selection" Navigation="null" OriginId="org.eclipse.ui.views.ResourceNavigator" StartDate="2013-04-04 22:14:54.639 CDT" StructureHandle="/HouseMonitor/docs/_build/html/housemonitor.outputs.html" StructureKind="resource"/><InteractionEvent Delta="null" EndDate="2013-04-04 22:14:54.624 CDT" Interest="1.0" Kind="selection" Navigation="null" OriginId="org.eclipse.ui.views.ResourceNavigator" StartDate="2013-04-04 22:14:54.624 CDT" StructureHandle="/HouseMonitor/docs/_build/html/housemonitor.lib.html" StructureKind="resource"/><InteractionEvent Delta="null" EndDate="2013-04-04 22:21:43.298 CDT" Interest="3.0" Kind="selection" Navigation="null" OriginId="org.eclipse.ui.views.ResourceNavigator" StartDate="2013-04-04 22:15:08.445 CDT" StructureHandle="/HouseMonitor/docs/_build/html/_static/default.css" StructureKind="resource" NumEvents="3" CreationCount="52"/><InteractionEvent Delta="null" EndDate="2013-04-04 22:20:11.382 CDT" Interest="38.61" Kind="manipulation" Navigation="null" OriginId="org.eclipse.mylyn.core.model.interest.decay.correction" StartDate="2013-04-04 22:20:11.382 CDT" StructureHandle="/HouseMonitor/docs/_build/html/_static/default.css" StructureKind="resource"/><InteractionEvent Delta="null" EndDate="2013-04-04 22:14:54.624 CDT" Interest="1.0" Kind="selection" Navigation="null" OriginId="org.eclipse.ui.views.ResourceNavigator" StartDate="2013-04-04 22:14:54.624 CDT" StructureHandle="/HouseMonitor/docs/_build/html/genindex.html" StructureKind="resource"/><InteractionEvent Delta="null" EndDate="2013-04-04 22:19:28.919 CDT" Interest="56.0" Kind="selection" Navigation="null" OriginId="org.eclipse.ui.views.ResourceNavigator" StartDate="2013-04-04 22:18:57.189 CDT" StructureHandle="/HouseMonitor/docs/_build/html/_modules/housemonitor/outputs/cosm/test" StructureKind="resource" NumEvents="56" CreationCount="489"/><InteractionEvent Delta="null" EndDate="2013-04-04 22:14:34.125 CDT" Interest="2.0" Kind="selection" Navigation="null" OriginId="org.eclipse.ui.views.ResourceNavigator" StartDate="2013-04-04 22:14:32.799 CDT" StructureHandle="/HouseMonitor/docs/_build/doctrees" StructureKind="resource" NumEvents="2" CreationCount="13"/><InteractionEvent Delta="null" EndDate="2013-04-04 22:21:43.298 CDT" Interest="4.0" Kind="selection" Navigation="null" OriginId="org.eclipse.ui.views.ResourceNavigator" StartDate="2013-04-04 22:15:08.445 CDT" StructureHandle="/HouseMonitor/docs/_build/html/_static/websupport.js" StructureKind="resource" NumEvents="4" CreationCount="66"/><InteractionEvent Delta="null" EndDate="2013-04-04 22:20:09.510 CDT" Interest="38.27" Kind="manipulation" Navigation="null" OriginId="org.eclipse.mylyn.core.model.interest.decay.correction" StartDate="2013-04-04 22:20:09.510 CDT" StructureHandle="/HouseMonitor/docs/_build/html/_static/websupport.js" StructureKind="resource"/><InteractionEvent Delta="null" EndDate="2013-04-04 22:19:28.919 CDT" Interest="59.0" Kind="selection" Navigation="null" OriginId="org.eclipse.ui.views.ResourceNavigator" StartDate="2013-04-04 22:18:53.803 CDT" StructureHandle="/HouseMonitor/docs/_build/html/_modules/housemonitor/lib/pubsubaid.html" StructureKind="resource" NumEvents="59" CreationCount="456"/><InteractionEvent Delta="null" EndDate="2013-04-04 22:19:28.919 CDT" Interest="55.0" Kind="selection" Navigation="null" OriginId="org.eclipse.ui.views.ResourceNavigator" StartDate="2013-04-04 22:18:58.374 CDT" StructureHandle="/HouseMonitor/docs/_build/html/_modules/housemonitor/outputs/cosm/test/control_test.html" StructureKind="resource" NumEvents="55" CreationCount="502"/><InteractionEvent Delta="null" EndDate="2013-04-04 22:21:43.298 CDT" Interest="3.0" Kind="selection" Navigation="null" OriginId="org.eclipse.ui.views.ResourceNavigator" StartDate="2013-04-04 22:15:08.445 CDT" StructureHandle="/HouseMonitor/docs/_build/html/_static/comment-close.png" StructureKind="resource" NumEvents="3" CreationCount="50"/><InteractionEvent Delta="null" EndDate="2013-04-04 22:20:11.382 CDT" Interest="38.61" Kind="manipulation" Navigation="null" OriginId="org.eclipse.mylyn.core.model.interest.decay.correction" StartDate="2013-04-04 22:20:11.382 CDT" StructureHandle="/HouseMonitor/docs/_build/html/_static/comment-close.png" StructureKind="resource"/><InteractionEvent Delta="null" EndDate="2013-04-04 22:14:54.639 CDT" Interest="1.0" Kind="selection" Navigation="null" OriginId="org.eclipse.ui.views.ResourceNavigator" StartDate="2013-04-04 22:14:54.639 CDT" StructureHandle="/HouseMonitor/docs/_build/html/housemonitor.steps.test.html" StructureKind="resource"/><InteractionEvent Delta="null" EndDate="2013-04-04 22:18:21.777 CDT" Interest="21.0" Kind="selection" Navigation="null" OriginId="org.eclipse.ui.views.ResourceNavigator" StartDate="2013-04-04 22:18:01.746 CDT" StructureHandle="/HouseMonitor/docs/_build/html/_modules/housemonitor/inputs/test" StructureKind="resource" NumEvents="21" CreationCount="101"/><InteractionEvent Delta="null" EndDate="2013-04-04 22:19:28.935 CDT" Interest="24.0" Kind="selection" Navigation="null" OriginId="org.eclipse.ui.views.ResourceNavigator" StartDate="2013-04-04 22:19:13.818 CDT" StructureHandle="/HouseMonitor/docs/_build/html/_modules/housemonitor/steps/centigrade2fahrenheit.html" StructureKind="resource" NumEvents="24" CreationCount="1305"/><InteractionEvent Delta="null" EndDate="2013-04-04 22:18:21.777 CDT" Interest="18.0" Kind="selection" Navigation="null" OriginId="org.eclipse.ui.views.ResourceNavigator" StartDate="2013-04-04 22:18:04.39 CDT" StructureHandle="/HouseMonitor/docs/_build/html/_modules/housemonitor/inputs/test/inputqueue_test.html" StructureKind="resource" NumEvents="18" CreationCount="122"/><InteractionEvent Delta="null" EndDate="2013-04-04 22:18:21.777 CDT" Interest="13.0" Kind="selection" Navigation="null" OriginId="org.eclipse.ui.views.ResourceNavigator" StartDate="2013-04-04 22:18:11.75 CDT" StructureHandle="/HouseMonitor/docs/_build/html/_modules/housemonitor/inputs/zigbeeinput/test/beaglebonexbeecommunications_test.html" StructureKind="resource" NumEvents="13" CreationCount="177"/><InteractionEvent Delta="null" EndDate="2013-04-04 22:19:28.919 CDT" Interest="35.0" Kind="selection" Navigation="null" OriginId="org.eclipse.ui.views.ResourceNavigator" StartDate="2013-04-04 22:19:04.661 CDT" StructureHandle="/HouseMonitor/docs/_build/html/_modules/housemonitor/outputs/zigbee/zigbeecontrol.html" StructureKind="resource" NumEvents="35" CreationCount="811"/><InteractionEvent Delta="null" EndDate="2013-04-04 22:19:07.875 CDT" Interest="0.6890001" Kind="manipulation" Navigation="null" OriginId="org.eclipse.mylyn.core.model.interest.decay.correction" StartDate="2013-04-04 22:19:07.875 CDT" StructureHandle="/HouseMonitor/docs/_build/html/_modules/housemonitor/outputs/zigbee/zigbeecontrol.html" StructureKind="resource"/><InteractionEvent Delta="null" EndDate="2013-04-04 22:16:13.622 CDT" Interest="2.0" Kind="propagation" Navigation="org.eclipse.mylyn.core.model.edges.containment" OriginId="org.eclipse.mylyn.core.model.interest.propagation" StartDate="2013-04-04 22:14:30.865 CDT" StructureHandle="/HouseMonitor/tasks/contexts" StructureKind="resource" NumEvents="2" CreationCount="12"/><InteractionEvent Delta="null" EndDate="2013-04-04 22:19:26.80 CDT" Interest="11.0" Kind="selection" Navigation="null" OriginId="org.eclipse.ui.views.ResourceNavigator" StartDate="2013-04-04 22:15:23.562 CDT" StructureHandle="/HouseMonitor/docs/_build/html/_sources" StructureKind="resource" NumEvents="11" CreationCount="68"/><InteractionEvent Delta="null" EndDate="2013-04-04 22:19:26.80 CDT" Interest="28.403004" Kind="manipulation" Navigation="null" OriginId="org.eclipse.mylyn.core.model.interest.decay.correction" StartDate="2013-04-04 22:19:18.420 CDT" StructureHandle="/HouseMonitor/docs/_build/html/_sources" StructureKind="resource" NumEvents="2" CreationCount="68"/><InteractionEvent Delta="null" EndDate="2013-04-04 22:16:11.672 CDT" Interest="2.0" Kind="selection" Navigation="null" OriginId="org.eclipse.ui.views.ResourceNavigator" StartDate="2013-04-04 22:15:49.505 CDT" StructureHandle="/HouseMonitor/docs/_build/html/_modules" StructureKind="resource" NumEvents="2" CreationCount="70"/><InteractionEvent Delta="null" EndDate="2013-04-04 22:19:28.919 CDT" Interest="70.814" Kind="propagation" Navigation="org.eclipse.mylyn.core.model.edges.containment" OriginId="org.eclipse.mylyn.core.model.interest.propagation" StartDate="2013-04-04 22:15:43.530 CDT" StructureHandle="/HouseMonitor/docs/_build/html/_modules" StructureKind="resource" NumEvents="103" CreationCount="70"/><InteractionEvent Delta="null" EndDate="2013-04-04 22:19:28.919 CDT" Interest="34.0" Kind="selection" Navigation="null" OriginId="org.eclipse.ui.views.ResourceNavigator" StartDate="2013-04-04 22:19:07.469 CDT" StructureHandle="/HouseMonitor/docs/_build/html/_modules/housemonitor/outputs/zigbee/test/zigbeeoutputstep_test.html" StructureKind="resource" NumEvents="34" CreationCount="970"/><InteractionEvent Delta="null" EndDate="2013-04-04 22:23:43.527 CDT" Interest="2.0" Kind="selection" Navigation="null" OriginId="org.eclipse.ui.views.ResourceNavigator" StartDate="2013-04-04 22:22:06.370 CDT" StructureHandle="/HouseMonitor/.gitignore" StructureKind="resource" NumEvents="2" CreationCount="2419"/><InteractionEvent Delta="null" EndDate="2013-04-04 22:19:28.935 CDT" Interest="16.0" Kind="selection" Navigation="null" OriginId="org.eclipse.ui.views.ResourceNavigator" StartDate="2013-04-04 22:19:17.47 CDT" StructureHandle="/HouseMonitor/docs/_build/html/_modules/housemonitor/HouseMonitor.html" StructureKind="resource" NumEvents="16" CreationCount="1645"/><InteractionEvent Delta="null" EndDate="2013-04-04 22:19:28.935 CDT" Interest="23.0" Kind="selection" Navigation="null" OriginId="org.eclipse.ui.views.ResourceNavigator" StartDate="2013-04-04 22:19:14.130 CDT" StructureHandle="/HouseMonitor/docs/_build/html/_modules/housemonitor/steps/currentvalues.html" StructureKind="resource" NumEvents="23" CreationCount="1344"/><InteractionEvent Delta="null" EndDate="2013-04-04 22:21:43.298 CDT" Interest="3.0" Kind="selection" Navigation="null" OriginId="org.eclipse.ui.views.ResourceNavigator" StartDate="2013-04-04 22:15:08.445 CDT" StructureHandle="/HouseMonitor/docs/_build/html/_static/minus.png" StructureKind="resource" NumEvents="3" CreationCount="58"/><InteractionEvent Delta="null" EndDate="2013-04-04 22:20:11.382 CDT" Interest="38.61" Kind="manipulation" Navigation="null" OriginId="org.eclipse.mylyn.core.model.interest.decay.correction" StartDate="2013-04-04 22:20:11.382 CDT" StructureHandle="/HouseMonitor/docs/_build/html/_static/minus.png" StructureKind="resource"/><InteractionEvent Delta="null" EndDate="2013-04-04 22:21:43.298 CDT" Interest="3.0" Kind="selection" Navigation="null" OriginId="org.eclipse.ui.views.ResourceNavigator" StartDate="2013-04-04 22:15:08.445 CDT" StructureHandle="/HouseMonitor/docs/_build/html/_static/up.png" StructureKind="resource" NumEvents="3" CreationCount="65"/><InteractionEvent Delta="null" EndDate="2013-04-04 22:20:11.382 CDT" Interest="38.61" Kind="manipulation" Navigation="null" OriginId="org.eclipse.mylyn.core.model.interest.decay.correction" StartDate="2013-04-04 22:20:11.382 CDT" StructureHandle="/HouseMonitor/docs/_build/html/_static/up.png" StructureKind="resource"/><InteractionEvent Delta="null" EndDate="2013-04-04 22:19:28.919 CDT" Interest="53.0" Kind="selection" Navigation="null" OriginId="org.eclipse.ui.views.ResourceNavigator" StartDate="2013-04-04 22:18:58.764 CDT" StructureHandle="/HouseMonitor/docs/_build/html/_modules/housemonitor/outputs/cosm/test/queue_test.html" StructureKind="resource" NumEvents="53" CreationCount="531"/><InteractionEvent Delta="null" EndDate="2013-04-04 22:21:43.298 CDT" Interest="3.0" Kind="selection" Navigation="null" OriginId="org.eclipse.ui.views.ResourceNavigator" StartDate="2013-04-04 22:15:08.445 CDT" StructureHandle="/HouseMonitor/docs/_build/html/_static/comment.png" StructureKind="resource" NumEvents="3" CreationCount="51"/><InteractionEvent Delta="null" EndDate="2013-04-04 22:20:11.382 CDT" Interest="38.61" Kind="manipulation" Navigation="null" OriginId="org.eclipse.mylyn.core.model.interest.decay.correction" StartDate="2013-04-04 22:20:11.382 CDT" StructureHandle="/HouseMonitor/docs/_build/html/_static/comment.png" StructureKind="resource"/><InteractionEvent Delta="null" EndDate="2013-04-04 22:14:54.624 CDT" Interest="2.0" Kind="selection" Navigation="null" OriginId="org.eclipse.ui.views.ResourceNavigator" StartDate="2013-04-04 22:14:51.769 CDT" StructureHandle="/HouseMonitor/docs/_build/html/distribute_setup.html" StructureKind="resource" NumEvents="2" CreationCount="16"/><InteractionEvent Delta="null" EndDate="2013-04-04 22:32:37.566 CDT" Interest="3.0" Kind="edit" Navigation="null" OriginId="org.eclipse.ui.DefaultTextEditor" StartDate="2013-04-04 22:32:24.852 CDT" StructureHandle="/HouseMonitor/README.txt" StructureKind="resource" NumEvents="3" CreationCount="2427"/><InteractionEvent Delta="null" EndDate="2013-04-04 22:32:37.613 CDT" Interest="6.0" Kind="selection" Navigation="null" OriginId="org.eclipse.ui.views.ResourceNavigator" StartDate="2013-04-04 22:32:23.697 CDT" StructureHandle="/HouseMonitor/README.txt" StructureKind="resource" NumEvents="6" CreationCount="2427"/><InteractionEvent Delta="null" EndDate="2013-04-04 22:14:54.639 CDT" Interest="1.0" Kind="selection" Navigation="null" OriginId="org.eclipse.ui.views.ResourceNavigator" StartDate="2013-04-04 22:14:54.639 CDT" StructureHandle="/HouseMonitor/docs/_build/html/searchindex.js" StructureKind="resource"/><InteractionEvent Delta="null" EndDate="2013-04-04 22:21:43.298 CDT" Interest="3.0" Kind="selection" Navigation="null" OriginId="org.eclipse.ui.views.ResourceNavigator" StartDate="2013-04-04 22:15:08.445 CDT" StructureHandle="/HouseMonitor/docs/_build/html/_static/up-pressed.png" StructureKind="resource" NumEvents="3" CreationCount="64"/><InteractionEvent Delta="null" EndDate="2013-04-04 22:20:11.382 CDT" Interest="38.61" Kind="manipulation" Navigation="null" OriginId="org.eclipse.mylyn.core.model.interest.decay.correction" StartDate="2013-04-04 22:20:11.382 CDT" StructureHandle="/HouseMonitor/docs/_build/html/_static/up-pressed.png" StructureKind="resource"/><InteractionEvent Delta="null" EndDate="2013-04-04 22:17:15.336 CDT" Interest="3.0" Kind="selection" Navigation="null" OriginId="org.eclipse.ui.views.ResourceNavigator" StartDate="2013-04-04 22:15:45.339 CDT" StructureHandle="/HouseMonitor/docs/_build/html/_modules/housemonitor" StructureKind="resource" NumEvents="3" CreationCount="70"/><InteractionEvent Delta="null" EndDate="2013-04-04 22:19:28.919 CDT" Interest="69.814" Kind="propagation" Navigation="org.eclipse.mylyn.core.model.edges.containment" OriginId="org.eclipse.mylyn.core.model.interest.propagation" StartDate="2013-04-04 22:15:43.530 CDT" StructureHandle="/HouseMonitor/docs/_build/html/_modules/housemonitor" StructureKind="resource" NumEvents="102" CreationCount="70"/><InteractionEvent Delta="null" EndDate="2013-04-04 22:17:29.532 CDT" Interest="4.0" Kind="selection" Navigation="null" OriginId="org.eclipse.ui.views.ResourceNavigator" StartDate="2013-04-04 22:17:27.36 CDT" StructureHandle="/HouseMonitor/docs/_build/html/_modules/housemonitor/configuration/cosmconfiguration.html" StructureKind="resource" NumEvents="4" CreationCount="76"/><InteractionEvent Delta="null" EndDate="2013-04-04 22:19:28.935 CDT" Interest="18.0" Kind="selection" Navigation="null" OriginId="org.eclipse.ui.views.ResourceNavigator" StartDate="2013-04-04 22:19:16.361 CDT" StructureHandle="/HouseMonitor/docs/_build/html/_modules/housemonitor/steps/tmp36volts2centigrade.html" StructureKind="resource" NumEvents="18" CreationCount="1554"/><InteractionEvent Delta="null" EndDate="2013-04-04 22:18:21.792 CDT" Interest="1.0" Kind="selection" Navigation="null" OriginId="org.eclipse.ui.views.ResourceNavigator" StartDate="2013-04-04 22:18:21.792 CDT" StructureHandle="/HouseMonitor/docs/_build/html/_modules/housemonitor/inputs/testinputthead.html" StructureKind="resource"/><InteractionEvent Delta="null" EndDate="2013-04-04 22:30:41.689 CDT" Interest="6.0" Kind="selection" Navigation="null" OriginId="org.eclipse.ui.views.ResourceNavigator" StartDate="2013-04-04 22:11:23.493 CDT" StructureHandle="=HouseMonitor" StructureKind="resource" NumEvents="6" CreationCount="1"/><InteractionEvent Delta="null" EndDate="2013-04-04 22:45:24.873 CDT" Interest="228.17801" Kind="propagation" Navigation="org.eclipse.mylyn.core.model.edges.containment" OriginId="org.eclipse.mylyn.core.model.interest.propagation" StartDate="2013-04-04 22:12:18.296 CDT" StructureHandle="=HouseMonitor" StructureKind="resource" NumEvents="1278" CreationCount="1"/><InteractionEvent Delta="null" EndDate="2013-04-04 22:19:28.919 CDT" Interest="41.0" Kind="selection" Navigation="null" OriginId="org.eclipse.ui.views.ResourceNavigator" StartDate="2013-04-04 22:19:04.458 CDT" StructureHandle="/HouseMonitor/docs/_build/html/_modules/housemonitor/outputs/zigbee/test" StructureKind="resource" NumEvents="41" CreationCount="785"/><InteractionEvent Delta="null" EndDate="2013-04-04 22:18:21.777 CDT" Interest="22.0" Kind="selection" Navigation="null" OriginId="org.eclipse.ui.views.ResourceNavigator" StartDate="2013-04-04 22:18:00.919 CDT" StructureHandle="/HouseMonitor/docs/_build/html/_modules/housemonitor/inputs" StructureKind="resource" NumEvents="22" CreationCount="96"/><InteractionEvent Delta="null" EndDate="2013-04-04 22:19:28.919 CDT" Interest="63.0" Kind="selection" Navigation="null" OriginId="org.eclipse.ui.views.ResourceNavigator" StartDate="2013-04-04 22:18:53.8 CDT" StructureHandle="/HouseMonitor/docs/_build/html/_modules/housemonitor/lib/getdatetime.html" StructureKind="resource" NumEvents="63" CreationCount="426"/><InteractionEvent Delta="null" EndDate="2013-04-04 22:14:24.781 CDT" Interest="1.0" Kind="selection" Navigation="null" OriginId="org.eclipse.ui.views.ResourceNavigator" StartDate="2013-04-04 22:14:24.781 CDT" StructureHandle="/HouseMonitor/docs/_build" StructureKind="resource"/><InteractionEvent Delta="null" EndDate="2013-04-04 22:19:28.919 CDT" Interest="72.80001" Kind="propagation" Navigation="org.eclipse.mylyn.core.model.edges.containment" OriginId="org.eclipse.mylyn.core.model.interest.propagation" StartDate="2013-04-04 22:14:32.799 CDT" StructureHandle="/HouseMonitor/docs/_build" StructureKind="resource" NumEvents="604" CreationCount="12"/><InteractionEvent Delta="null" EndDate="2013-04-04 22:45:24.873 CDT" Interest="264.0" Kind="edit" Navigation="null" OriginId="org.isandlatech.plugins.rest.editor.RestEditor" StartDate="2013-04-04 22:33:16.941 CDT" StructureHandle="/HouseMonitor/README.rst" StructureKind="resource" NumEvents="264" CreationCount="2435"/><InteractionEvent Delta="null" EndDate="2013-04-04 22:43:37.529 CDT" Interest="7.0" Kind="selection" Navigation="null" OriginId="org.isandlatech.plugins.rest.editor.RestEditor" StartDate="2013-04-04 22:33:14.945 CDT" StructureHandle="/HouseMonitor/README.rst" StructureKind="resource" NumEvents="7" CreationCount="2435"/><InteractionEvent Delta="null" EndDate="2013-04-04 22:33:07.659 CDT" Interest="1.0" Kind="propagation" Navigation="null" OriginId="org.eclipse.mylyn.resources.ui.interest.updater" StartDate="2013-04-04 22:33:07.659 CDT" StructureHandle="/HouseMonitor/README.rst" StructureKind="resource"/></InteractionHistory>