<?xml version="1.0" encoding="UTF-8"?><InteractionHistory Id="local-17" Version="1"><InteractionEvent Delta="null" EndDate="2013-04-04 21:14:14.618 CDT" Interest="1.0" Kind="prediction" Navigation="null" OriginId="org.eclipse.mylyn.resources.ui.interest.updater" StartDate="2013-04-04 21:14:14.618 CDT" StructureHandle="/HouseMonitor/tasks/tasks.xml.zip" StructureKind="resource"/><InteractionEvent Delta="null" EndDate="2013-04-04 21:14:14.618 CDT" Interest="1.0" Kind="propagation" Navigation="org.eclipse.mylyn.core.model.edges.containment" OriginId="org.eclipse.mylyn.core.model.interest.propagation" StartDate="2013-04-04 21:14:14.618 CDT" StructureHandle="/HouseMonitor/tasks" StructureKind="resource"/><InteractionEvent Delta="null" EndDate="2013-04-04 21:14:14.618 CDT" Interest="1.0" Kind="prediction" Navigation="null" OriginId="org.eclipse.mylyn.resources.ui.interest.updater" StartDate="2013-04-04 21:14:14.618 CDT" StructureHandle="/HouseMonitor/tasks/contexts/local-17.xml.zip" StructureKind="resource"/><InteractionEvent Delta="null" EndDate="2013-04-04 21:14:14.618 CDT" Interest="1.0" Kind="propagation" Navigation="org.eclipse.mylyn.core.model.edges.containment" OriginId="org.eclipse.mylyn.core.model.interest.propagation" StartDate="2013-04-04 21:14:14.618 CDT" StructureHandle="/HouseMonitor/tasks/contexts" StructureKind="resource"/><InteractionEvent Delta="null" EndDate="2013-04-04 21:14:14.618 CDT" Interest="1.0" Kind="prediction" Navigation="null" OriginId="org.eclipse.mylyn.resources.ui.interest.updater" StartDate="2013-04-04 21:14:14.618 CDT" StructureHandle="/HouseMonitor/tasks/contexts/activity.xml.zip" StructureKind="resource"/><InteractionEvent Delta="null" EndDate="2013-04-04 21:14:52.838 CDT" Interest="5.0" Kind="selection" Navigation="null" OriginId="org.eclipse.ui.views.ResourceNavigator" StartDate="2013-04-04 21:05:38.39 CDT" StructureHandle="=HouseMonitor" StructureKind="resource" NumEvents="5" CreationCount="1"/><InteractionEvent Delta="null" EndDate="2013-04-04 21:14:52.838 CDT" Interest="5.0" Kind="propagation" Navigation="org.eclipse.mylyn.core.model.edges.containment" OriginId="org.eclipse.mylyn.core.model.interest.propagation" StartDate="2013-04-04 21:05:38.39 CDT" StructureHandle="/" StructureKind="resource" NumEvents="5" CreationCount="1"/><InteractionEvent Delta="null" EndDate="2013-04-04 21:15:11.340 CDT" Interest="1.0" Kind="selection" Navigation="null" OriginId="org.eclipse.ui.views.ResourceNavigator" StartDate="2013-04-04 21:15:11.340 CDT" StructureHandle="/HouseMonitor/docs" StructureKind="resource"/><InteractionEvent Delta="null" EndDate="2013-04-04 21:15:42.930 CDT" Interest="3.0" Kind="selection" Navigation="null" OriginId="org.eclipse.ant.ui.internal.editor.AntEditor" StartDate="2013-04-04 21:15:22.978 CDT" StructureHandle="/HouseMonitor/build.xml" StructureKind="resource" NumEvents="3" CreationCount="7"/><InteractionEvent Delta="null" EndDate="2013-04-04 21:15:42.946 CDT" Interest="2.0" Kind="edit" Navigation="null" OriginId="org.eclipse.ant.ui.internal.editor.AntEditor" StartDate="2013-04-04 21:15:23.726 CDT" StructureHandle="/HouseMonitor/build.xml" StructureKind="resource" NumEvents="2" CreationCount="7"/></InteractionHistory>