<?xml version="1.0" encoding="UTF-8"?><InteractionHistory Id="local-15" Version="1"><InteractionEvent Delta="null" EndDate="2013-04-04 21:37:54.189 CDT" Interest="1.0" Kind="prediction" Navigation="null" OriginId="org.eclipse.mylyn.resources.ui.interest.updater" StartDate="2013-04-04 21:37:54.189 CDT" StructureHandle="/HouseMonitor/tasks/tasks.xml.zip" StructureKind="resource"/><InteractionEvent Delta="null" EndDate="2013-04-04 21:22:10.358 CDT" Interest="40.0" Kind="edit" Navigation="null" OriginId="org.eclipse.ui.DefaultTextEditor" StartDate="2013-04-04 21:19:20.769 CDT" StructureHandle="/HouseMonitor/.gitignore" StructureKind="resource" NumEvents="40" CreationCount="32"/><InteractionEvent Delta="null" EndDate="2013-04-04 21:22:21.824 CDT" Interest="9.0" Kind="selection" Navigation="null" OriginId="org.eclipse.ui.views.ResourceNavigator" StartDate="2013-04-04 21:17:56.170 CDT" StructureHandle="/HouseMonitor/.gitignore" StructureKind="resource" NumEvents="9" CreationCount="32"/><InteractionEvent Delta="null" EndDate="2013-04-04 21:27:50.395 CDT" Interest="3.0" Kind="selection" Navigation="null" OriginId="org.eclipse.ui.views.ResourceNavigator" StartDate="2013-04-04 21:27:25.435 CDT" StructureHandle="/HouseMonitor/housemonitor" StructureKind="resource" NumEvents="3" CreationCount="94"/><InteractionEvent Delta="null" EndDate="2013-04-04 21:25:41.960 CDT" Interest="1.0" Kind="prediction" Navigation="null" OriginId="org.eclipse.mylyn.resources.ui.interest.updater" StartDate="2013-04-04 21:25:41.960 CDT" StructureHandle="/HouseMonitor/tasks/contexts/activity.xml.zip" StructureKind="resource"/><InteractionEvent Delta="null" EndDate="2013-04-04 21:16:19.606 CDT" Interest="1.0" Kind="edit" Navigation="null" OriginId="org.eclipse.ant.ui.internal.editor.AntEditor" StartDate="2013-04-04 21:16:19.606 CDT" StructureHandle="/HouseMonitor/build.xml" StructureKind="resource"/><InteractionEvent Delta="null" EndDate="2013-04-04 21:16:25.705 CDT" Interest="4.0" Kind="selection" Navigation="null" OriginId="org.eclipse.ui.views.ResourceNavigator" StartDate="2013-04-04 21:16:18.342 CDT" StructureHandle="/HouseMonitor/build.xml" StructureKind="resource" NumEvents="4" CreationCount="5"/><InteractionEvent Delta="null" EndDate="2013-04-04 21:37:53.799 CDT" Interest="43.527" Kind="propagation" Navigation="org.eclipse.mylyn.core.model.edges.containment" OriginId="org.eclipse.mylyn.core.model.interest.propagation" StartDate="2013-04-04 21:16:00.652 CDT" StructureHandle="/" StructureKind="resource" NumEvents="58" CreationCount="1"/><InteractionEvent Delta="null" EndDate="2013-04-04 21:25:36.937 CDT" Interest="6.0" Kind="selection" Navigation="null" OriginId="org.eclipse.ui.views.ResourceNavigator" StartDate="2013-04-04 21:16:06.954 CDT" StructureHandle="/HouseMonitor/docs" StructureKind="resource" NumEvents="6" CreationCount="3"/><InteractionEvent Delta="null" EndDate="2013-04-04 21:17:55.873 CDT" Interest="14.319" Kind="propagation" Navigation="org.eclipse.mylyn.core.model.edges.containment" OriginId="org.eclipse.mylyn.core.model.interest.propagation" StartDate="2013-04-04 21:16:26.142 CDT" StructureHandle="/HouseMonitor/docs" StructureKind="resource" NumEvents="17" CreationCount="3"/><InteractionEvent Delta="null" EndDate="2013-04-04 21:27:22.97 CDT" Interest="1.0" Kind="selection" Navigation="null" OriginId="org.eclipse.ui.views.ResourceNavigator" StartDate="2013-04-04 21:27:22.97 CDT" StructureHandle="/HouseMonitor/tasks" StructureKind="resource"/><InteractionEvent Delta="null" EndDate="2013-04-04 21:25:41.960 CDT" Interest="1.0" Kind="propagation" Navigation="org.eclipse.mylyn.core.model.edges.containment" OriginId="org.eclipse.mylyn.core.model.interest.propagation" StartDate="2013-04-04 21:25:41.960 CDT" StructureHandle="/HouseMonitor/tasks" StructureKind="resource"/><InteractionEvent Delta="null" EndDate="2013-04-04 21:19:04.451 CDT" Interest="2.0" Kind="edit" Navigation="null" OriginId="org.isandlatech.plugins.rest.editor.RestEditor" StartDate="2013-04-04 21:16:46.999 CDT" StructureHandle="/HouseMonitor/docs/notes.rst" StructureKind="resource" NumEvents="2" CreationCount="23"/><InteractionEvent Delta="null" EndDate="2013-04-04 21:19:04.436 CDT" Interest="4.0" Kind="selection" Navigation="null" OriginId="org.isandlatech.plugins.rest.editor.RestEditor" StartDate="2013-04-04 21:16:46.750 CDT" StructureHandle="/HouseMonitor/docs/notes.rst" StructureKind="resource" NumEvents="4" CreationCount="23"/><InteractionEvent Delta="null" EndDate="2013-04-04 21:25:41.960 CDT" Interest="1.0" Kind="propagation" Navigation="org.eclipse.mylyn.core.model.edges.containment" OriginId="org.eclipse.mylyn.core.model.interest.propagation" StartDate="2013-04-04 21:25:41.960 CDT" StructureHandle="/HouseMonitor/tasks/contexts" StructureKind="resource"/><InteractionEvent Delta="null" EndDate="2013-04-04 21:25:41.960 CDT" Interest="1.0" Kind="prediction" Navigation="null" OriginId="org.eclipse.mylyn.resources.ui.interest.updater" StartDate="2013-04-04 21:25:41.960 CDT" StructureHandle="/HouseMonitor/tasks/contexts/local-15.xml.zip" StructureKind="resource"/><InteractionEvent Delta="null" EndDate="2013-04-04 21:16:50.540 CDT" Interest="6.0" Kind="edit" Navigation="null" OriginId="org.isandlatech.plugins.rest.editor.RestEditor" StartDate="2013-04-04 21:16:30.58 CDT" StructureHandle="/HouseMonitor/docs/Python_UnitTest_Cookbook.rst" StructureKind="resource" NumEvents="6" CreationCount="10"/><InteractionEvent Delta="null" EndDate="2013-04-04 21:17:55.873 CDT" Interest="12.0" Kind="selection" Navigation="null" OriginId="org.eclipse.ui.views.ResourceNavigator" StartDate="2013-04-04 21:16:25.861 CDT" StructureHandle="/HouseMonitor/docs/Python_UnitTest_Cookbook.rst" StructureKind="resource" NumEvents="12" CreationCount="10"/><InteractionEvent Delta="null" EndDate="2013-04-04 21:22:21.870 CDT" Interest="1.0" Kind="selection" Navigation="null" OriginId="org.eclipse.ui.views.ResourceNavigator" StartDate="2013-04-04 21:22:21.870 CDT" StructureHandle="/HouseMonitor/docs/.gitignore" StructureKind="resource"/><InteractionEvent Delta="null" EndDate="2013-04-04 21:25:01.744 CDT" Interest="2.0" Kind="selection" Navigation="null" OriginId="org.eclipse.ui.views.ResourceNavigator" StartDate="2013-04-04 21:23:29.824 CDT" StructureHandle="/HouseMonitor/docs/_build" StructureKind="resource" NumEvents="2" CreationCount="86"/><InteractionEvent Delta="null" EndDate="2013-04-04 21:37:53.799 CDT" Interest="8.0" Kind="selection" Navigation="null" OriginId="org.eclipse.ui.views.ResourceNavigator" StartDate="2013-04-04 21:16:00.652 CDT" StructureHandle="=HouseMonitor" StructureKind="resource" NumEvents="8" CreationCount="1"/><InteractionEvent Delta="null" EndDate="2013-04-04 21:22:21.824 CDT" Interest="35.527" Kind="propagation" Navigation="org.eclipse.mylyn.core.model.edges.containment" OriginId="org.eclipse.mylyn.core.model.interest.propagation" StartDate="2013-04-04 21:16:07.282 CDT" StructureHandle="=HouseMonitor" StructureKind="resource" NumEvents="48" CreationCount="1"/></InteractionHistory>