<?xml version="1.0" encoding="UTF-8" standalone="no"?><TaskList Version="2.0"><Task Active="false" ConnectorKind="githubGists" CreationDate="2013-04-03 15:38:31.0 -0500" DueDate="" EndDate="" Estimated="0" Handle="https://gist.github.com-de55a44b347ed9fc39ff" IssueURL="https://gist.github.com/de55a44b347ed9fc39ff" Key="de55a44b347ed9fc39ff" Kind="task" Label="statuspanel_test.py (1 file, 9.00 KB)" MarkReadPending="true" ModificationDate="2013-04-03 15:38:31.0 -0500" Notes="" NotifiedIncoming="false" Priority="P3" Reminded="false" RepositoryUrl="https://gist.github.com" Stale="false" TaskId="de55a44b347ed9fc39ff" offlineSyncState="SYNCHRONIZED"/><Task Active="false" ConnectorKind="local" CreationDate="2013-04-04 23:38:14.665 -0500" DueDate="" EndDate="" Estimated="0" Handle="local-3" IssueURL="" Kind="task" Label="Test buzzer" LastModified="now" MarkReadPending="false" ModificationDate="" Notes="" NotifiedIncoming="true" Owner="local" Priority="P3" Reminded="false" RepositoryUrl="local" ScheduledEndDate="2013-04-06 23:59:59.999 -0500" ScheduledStartDate="2013-03-31 00:00:00.0 -0500" Stale="false" TaskId="3" offlineSyncState="SYNCHRONIZED"/><Task Active="false" ConnectorKind="local" CreationDate="2013-04-04 15:48:40.242 -0500" DueDate="2013-04-07 00:00:00.0 -0500" EndDate="2013-04-04 23:29:20.277 -0500" Estimated="2" Handle="local-2" IssueURL="" Kind="task" Label="Make import for personnel info in build.ant" LastModified="now" MarkReadPending="false" ModificationDate="" Notes="" NotifiedIncoming="true" Owner="local" Priority="P3" Reminded="false" RepositoryUrl="local" ScheduledEndDate="2013-04-06 23:59:59.999 -0500" ScheduledStartDate="2013-03-31 00:00:00.0 -0500" Stale="false" TaskId="2" offlineSyncState="SYNCHRONIZED"/><Task Active="false" ConnectorKind="local" CreationDate="2013-04-04 15:45:21.794 -0500" DueDate="2013-04-07 00:00:00.0 -0500" EndDate="2013-04-04 23:29:20.277 -0500" Estimated="0" Handle="local-1" IssueURL="" Kind="task" Label="Upload HouseMonitor to GitHub" LastModified="now" MarkReadPending="false" ModificationDate="" Notes="" NotifiedIncoming="true" Owner="local" Priority="P3" Reminded="false" RepositoryUrl="local" ScheduledEndDate="2013-04-06 23:59:59.999 -0500" ScheduledStartDate="2013-03-31 00:00:00.0 -0500" Stale="false" TaskId="1" offlineSyncState="SYNCHRONIZED"/><TaskCategory Handle="handle-1" Name="Add Status Panel"><TaskReference Handle="local-3"/></TaskCategory><TaskCategory Handle="handle-2" Name="GitHub"><TaskReference Handle="local-1"/><TaskReference Handle="local-2"/></TaskCategory><TaskCategory Handle="Uncategorized" Name="Uncategorized"/><Query ConnectorKind="githubGists" Handle="handle-4" LastRefreshTimeStamp="Apr 4, 23:48:09" Name="My Gists" QueryString="" RepositoryUrl="https://gist.github.com"><Attribute Key="user">gary-pickens</Attribute><QueryHit Handle="https://gist.github.com-de55a44b347ed9fc39ff"/></Query></TaskList>