<?xml version="1.0" encoding="UTF-8" standalone="no"?><TaskList Version="2.0"><Task Active="false" ConnectorKind="local" CreationDate="2013-04-04 17:31:11.45 -0500" DueDate="" EndDate="" Estimated="0" Handle="local-11" IssueURL="" Kind="task" Label="Build case for status panel" LastModified="now" MarkReadPending="false" ModificationDate="" Notes="" NotifiedIncoming="true" Owner="local" Priority="P3" Reminded="false" RepositoryUrl="local" ScheduledEndDate="2013-04-06 23:59:59.999 -0500" ScheduledStartDate="2013-03-31 00:00:00.0 -0500" Stale="false" TaskId="11" offlineSyncState="SYNCHRONIZED"/><Task Active="false" ConnectorKind="local" CreationDate="2013-04-04 17:25:21.870 -0500" DueDate="" EndDate="2013-04-04 17:28:46.168 -0500" Estimated="0" Handle="local-6" IssueURL="" Kind="task" Label="Create new DisableAlarmButton" LastModified="now" MarkReadPending="false" ModificationDate="" Notes="" NotifiedIncoming="true" Owner="local" Priority="P3" Reminded="false" RepositoryUrl="local" ScheduledEndDate="2013-04-06 23:59:59.999 -0500" ScheduledStartDate="2013-03-31 00:00:00.0 -0500" Stale="false" TaskId="6" offlineSyncState="SYNCHRONIZED"/><Task Active="false" ConnectorKind="local" CreationDate="2013-04-04 20:32:21.741 -0500" DueDate="" EndDate="" Estimated="0" Handle="local-16" IssueURL="" Kind="task" Label="Merge the changes to the master branch" LastModified="now" MarkReadPending="false" ModificationDate="" Notes="" NotifiedIncoming="true" Owner="local" Priority="P3" Reminded="false" RepositoryUrl="local" ScheduledEndDate="2013-04-06 23:59:59.999 -0500" ScheduledStartDate="2013-03-31 00:00:00.0 -0500" Stale="false" TaskId="16" offlineSyncState="SYNCHRONIZED"/><Task Active="false" ConnectorKind="local" CreationDate="2013-04-04 20:30:08.158 -0500" DueDate="2013-04-05 00:00:00.0 -0500" EndDate="" Estimated="1" Handle="local-14" IssueURL="" Kind="task" Label="Generate HTML files from the documentation and check them in." LastModified="now" MarkReadPending="false" ModificationDate="" Notes="" NotifiedIncoming="true" Owner="local" Priority="P3" Reminded="false" RepositoryUrl="local" ScheduledEndDate="2013-04-06 23:59:59.999 -0500" ScheduledStartDate="2013-03-31 00:00:00.0 -0500" Stale="false" TaskId="14" offlineSyncState="SYNCHRONIZED"/><Task Active="false" ConnectorKind="github" CreationDate="2013-04-04 21:07:21.0 -0500" DueDate="" EndDate="" Estimated="0" Handle="http://github.com/gary-pickens/HouseMonitor-5" IssueURL="http://github.com/gary-pickens/HouseMonitor/issues/issue/5" Key="5" Kind="task" Label="Python UnitTest_Cookbook.rst is formatted wrong on GitHub" MarkReadPending="true" ModificationDate="2013-04-04 21:07:21.0 -0500" Notes="" NotifiedIncoming="false" Owner="gary-pickens" Priority="P3" Reminded="false" RepositoryUrl="http://github.com/gary-pickens/HouseMonitor" ScheduledEndDate="2013-04-06 23:59:59.999 -0500" ScheduledStartDate="2013-03-31 00:00:00.0 -0500" Stale="false" TaskId="5" offlineSyncState="SYNCHRONIZED"/><Task Active="false" ConnectorKind="local" CreationDate="2013-04-04 17:26:08.794 -0500" DueDate="" EndDate="2013-04-04 17:28:59.568 -0500" Estimated="0" Handle="local-7" IssueURL="" Kind="task" Label="Create new StartAlarm Class" LastModified="now" MarkReadPending="false" ModificationDate="" Notes="" NotifiedIncoming="true" Owner="local" Priority="P3" Reminded="false" RepositoryUrl="local" ScheduledEndDate="2013-04-06 23:59:59.999 -0500" ScheduledStartDate="2013-03-31 00:00:00.0 -0500" Stale="false" TaskId="7" offlineSyncState="SYNCHRONIZED"/><Task Active="false" ConnectorKind="local" CreationDate="2013-04-04 17:27:08.75 -0500" DueDate="" EndDate="" Estimated="0" Handle="local-8" IssueURL="" Kind="task" Label="Create a new StatusMonitor class" LastModified="now" MarkReadPending="false" ModificationDate="" Notes="" NotifiedIncoming="true" Owner="local" Priority="P3" Reminded="false" RepositoryUrl="local" ScheduledEndDate="2013-04-06 23:59:59.999 -0500" ScheduledStartDate="2013-03-31 00:00:00.0 -0500" Stale="false" TaskId="8" offlineSyncState="SYNCHRONIZED"/><Task Active="false" ConnectorKind="local" CreationDate="2013-04-04 17:22:25.152 -0500" DueDate="" EndDate="2013-04-04 17:28:25.185 -0500" Estimated="0" Handle="local-4" IssueURL="" Kind="task" Label="Add new StatusPanel class" LastModified="now" MarkReadPending="false" ModificationDate="" Notes="" NotifiedIncoming="true" Owner="local" Priority="P3" Reminded="false" RepositoryUrl="local" ScheduledEndDate="2013-04-06 23:59:59.999 -0500" ScheduledStartDate="2013-03-31 00:00:00.0 -0500" Stale="false" TaskId="4" offlineSyncState="SYNCHRONIZED"/><Task Active="false" ConnectorKind="githubGists" CreationDate="2013-04-03 15:38:31.0 -0500" DueDate="" EndDate="" Estimated="0" Handle="https://gist.github.com-de55a44b347ed9fc39ff" IssueURL="https://gist.github.com/de55a44b347ed9fc39ff" Key="de55a44b347ed9fc39ff" Kind="task" Label="statuspanel_test.py (1 file, 9.00 KB)" MarkReadPending="true" ModificationDate="2013-04-03 15:38:31.0 -0500" Notes="" NotifiedIncoming="false" Priority="P3" Reminded="false" RepositoryUrl="https://gist.github.com" Stale="false" TaskId="de55a44b347ed9fc39ff" offlineSyncState="SYNCHRONIZED"/><Task Active="false" ConnectorKind="local" CreationDate="2013-04-04 20:34:43.748 -0500" DueDate="2013-04-05 00:00:00.0 -0500" EndDate="2013-04-04 21:12:43.717 -0500" Estimated="2" Handle="local-17" IssueURL="" Kind="task" Label="Get EGit connector working with GitHub " LastModified="now" MarkReadPending="false" ModificationDate="" Notes="" NotifiedIncoming="true" Owner="local" Priority="P3" Reminded="false" RepositoryUrl="local" ScheduledEndDate="2013-04-06 23:59:59.999 -0500" ScheduledStartDate="2013-03-31 00:00:00.0 -0500" Stale="false" TaskId="17" offlineSyncState="SYNCHRONIZED"/><Task Active="false" ConnectorKind="local" CreationDate="2013-04-04 20:27:12.829 -0500" DueDate="2013-04-30 00:00:00.0 -0500" EndDate="" Estimated="1" Handle="local-13" IssueURL="" Kind="task" Label="Work on readme file and link to docs directory" LastModified="now" MarkReadPending="false" ModificationDate="" Notes="" NotifiedIncoming="true" Owner="local" Priority="P3" Reminded="false" RepositoryUrl="local" ScheduledEndDate="2013-04-06 23:59:59.999 -0500" ScheduledStartDate="2013-03-31 00:00:00.0 -0500" Stale="false" TaskId="13" offlineSyncState="SYNCHRONIZED"/><Task Active="false" ConnectorKind="local" CreationDate="2013-04-04 17:29:24.731 -0500" DueDate="2013-04-14 00:00:00.0 -0500" EndDate="" Estimated="0" Handle="local-9" IssueURL="" Kind="task" Label="Build prototype for status panel" LastModified="now" MarkReadPending="false" ModificationDate="" Notes="" NotifiedIncoming="true" Owner="local" Priority="P3" Reminded="false" RepositoryUrl="local" ScheduledEndDate="2013-04-13 23:59:59.999 -0500" ScheduledStartDate="2013-04-07 00:00:00.0 -0500" Stale="false" TaskId="9" offlineSyncState="SYNCHRONIZED"/><Task Active="false" ConnectorKind="local" CreationDate="2013-04-04 17:21:31.582 -0500" DueDate="2013-04-07 00:00:00.0 -0500" EndDate="2013-04-04 17:28:16.949 -0500" Estimated="0" Handle="local-3" IssueURL="" Kind="task" Label="Create software for StatusPanel" LastModified="now" MarkReadPending="false" ModificationDate="" Notes="" NotifiedIncoming="true" Owner="local" Priority="P3" Reminded="false" RepositoryUrl="local" ScheduledEndDate="2013-04-06 23:59:59.999 -0500" ScheduledStartDate="2013-03-31 00:00:00.0 -0500" Stale="false" TaskId="3" offlineSyncState="SYNCHRONIZED"><SubTask Handle="local-4"/><SubTask Handle="local-5"/><SubTask Handle="local-6"/><SubTask Handle="local-7"/><SubTask Handle="local-8"/></Task><Task Active="false" ConnectorKind="local" CreationDate="2013-04-04 15:48:40.242 -0500" DueDate="2013-04-07 00:00:00.0 -0500" EndDate="2013-04-04 16:33:54.434 -0500" Estimated="2" Handle="local-2" IssueURL="" Kind="task" Label="Make import for personnel info in build.ant" LastModified="now" MarkReadPending="false" ModificationDate="" Notes="" NotifiedIncoming="true" Owner="local" Priority="P3" Reminded="false" RepositoryUrl="local" ScheduledEndDate="2013-04-06 23:59:59.999 -0500" ScheduledStartDate="2013-03-31 00:00:00.0 -0500" Stale="false" TaskId="2" offlineSyncState="SYNCHRONIZED"/><Task Active="false" ConnectorKind="github" CreationDate="2013-04-04 21:02:25.0 -0500" DueDate="" EndDate="" Estimated="0" Handle="http://github.com/gary-pickens/HouseMonitor-4" IssueURL="http://github.com/gary-pickens/HouseMonitor/issues/issue/4" Key="4" Kind="task" Label="Unable to communicate with the serial port on Win32" MarkReadPending="true" ModificationDate="2013-04-04 21:02:25.0 -0500" Notes="" NotifiedIncoming="false" Owner="gary-pickens" Priority="P3" Reminded="false" RepositoryUrl="http://github.com/gary-pickens/HouseMonitor" Stale="false" TaskId="4" offlineSyncState="SYNCHRONIZED"/><Task Active="false" ConnectorKind="local" CreationDate="2013-04-04 15:45:21.794 -0500" DueDate="2013-04-07 00:00:00.0 -0500" EndDate="2013-04-04 17:17:47.503 -0500" Estimated="0" Handle="local-1" IssueURL="" Kind="task" Label="Upload HouseMonitor to GitHub" LastModified="now" MarkReadPending="false" ModificationDate="" Notes="" NotifiedIncoming="true" Owner="local" Priority="P3" Reminded="false" RepositoryUrl="local" ScheduledEndDate="2013-04-06 23:59:59.999 -0500" ScheduledStartDate="2013-03-31 00:00:00.0 -0500" Stale="false" TaskId="1" offlineSyncState="SYNCHRONIZED"/><Task Active="true" ConnectorKind="local" CreationDate="2013-04-04 20:31:33.833 -0500" DueDate="" EndDate="" Estimated="0" Handle="local-15" IssueURL="" Kind="task" Label="Create a new branch for the documentation changes" LastModified="now" MarkReadPending="false" ModificationDate="" Notes="v3.0.4" NotifiedIncoming="true" Owner="local" Priority="P3" Reminded="false" RepositoryUrl="local" ScheduledEndDate="2013-04-06 23:59:59.999 -0500" ScheduledStartDate="2013-03-31 00:00:00.0 -0500" Stale="false" TaskId="15" offlineSyncState="SYNCHRONIZED"/><Task Active="false" ConnectorKind="githubGists" CreationDate="2012-07-10 15:46:46.0 -0500" DueDate="" EndDate="" Estimated="0" Handle="https://gist.github.com-5d83740d1286199a042a" IssueURL="https://gist.github.com/5d83740d1286199a042a" Key="5d83740d1286199a042a" Kind="task" Label="What is a gist? (1 file, 172 bytes)" MarkReadPending="true" ModificationDate="2012-07-10 15:46:46.0 -0500" Notes="" NotifiedIncoming="false" Priority="P3" Reminded="false" RepositoryUrl="https://gist.github.com" Stale="false" TaskId="5d83740d1286199a042a" offlineSyncState="SYNCHRONIZED"/><Task Active="false" ConnectorKind="local" CreationDate="2013-04-04 17:30:18.395 -0500" DueDate="2013-04-30 00:00:00.0 -0500" EndDate="" Estimated="0" Handle="local-10" IssueURL="" Kind="task" Label="Build final board for StatusPanel" LastModified="now" MarkReadPending="false" ModificationDate="" Notes="" NotifiedIncoming="true" Owner="local" Priority="P3" Reminded="false" RepositoryUrl="local" ScheduledEndDate="2013-04-06 23:59:59.999 -0500" ScheduledStartDate="2013-03-31 00:00:00.0 -0500" Stale="false" TaskId="10" offlineSyncState="SYNCHRONIZED"/><Task Active="false" ConnectorKind="local" CreationDate="2013-04-04 17:31:56.566 -0500" DueDate="2013-04-30 00:00:00.0 -0500" EndDate="" Estimated="0" Handle="local-12" IssueURL="" Kind="task" Label="Mount status panel" LastModified="now" MarkReadPending="false" ModificationDate="" Notes="" NotifiedIncoming="true" Owner="local" Priority="P3" Reminded="false" RepositoryUrl="local" ScheduledEndDate="2013-04-06 23:59:59.999 -0500" ScheduledStartDate="2013-03-31 00:00:00.0 -0500" Stale="false" TaskId="12" offlineSyncState="SYNCHRONIZED"/><Task Active="false" ConnectorKind="local" CreationDate="2013-04-04 17:23:48.971 -0500" DueDate="" EndDate="2013-04-04 17:28:34.93 -0500" Estimated="0" Handle="local-5" IssueURL="" Kind="task" Label="Create new GarageDoorMonitor class" LastModified="now" MarkReadPending="false" ModificationDate="" Notes="" NotifiedIncoming="true" Owner="local" Priority="P3" Reminded="false" RepositoryUrl="local" ScheduledEndDate="2013-04-06 23:59:59.999 -0500" ScheduledStartDate="2013-03-31 00:00:00.0 -0500" Stale="false" TaskId="5" offlineSyncState="SYNCHRONIZED"/><TaskCategory Handle="handle-3" Name="Documentation"><TaskReference Handle="local-13"/><TaskReference Handle="local-14"/><TaskReference Handle="local-15"/><TaskReference Handle="local-16"/></TaskCategory><TaskCategory Handle="handle-1" Name="Add Status Panel"><TaskReference Handle="local-3"/><TaskReference Handle="local-9"/><TaskReference Handle="local-10"/><TaskReference Handle="local-11"/><TaskReference Handle="local-12"/></TaskCategory><TaskCategory Handle="handle-2" Name="GitHub"><TaskReference Handle="local-1"/><TaskReference Handle="local-2"/><TaskReference Handle="local-17"/><TaskReference Handle="http://github.com/gary-pickens/HouseMonitor-5"/></TaskCategory><TaskCategory Handle="Uncategorized" Name="Uncategorized"><TaskReference Handle="http://github.com/gary-pickens/HouseMonitor-4"/></TaskCategory><Query ConnectorKind="github" Handle="handle-4" LastRefreshTimeStamp="Apr 4, 21:36:56" Name="Gary's Problems" QueryString="" RepositoryUrl="http://github.com/gary-pickens/HouseMonitor"><Attribute Key="labels">bug::duplicate::enhancement::invalid::question::wontfix::</Attribute><Attribute Key="state">open::closed::</Attribute><Attribute Key="assignee">gary-pickens</Attribute></Query><Query ConnectorKind="githubGists" Handle="handle-5" LastRefreshTimeStamp="Apr 4, 21:36:56" Name="My Gists" QueryString="" RepositoryUrl="https://gist.github.com"><Attribute Key="user">gary-pickens</Attribute><QueryHit Handle="https://gist.github.com-de55a44b347ed9fc39ff"/><QueryHit Handle="https://gist.github.com-5d83740d1286199a042a"/></Query></TaskList>