<?xml version="1.0" encoding="UTF-8"?><InteractionHistory Id="activity" Version="1"><InteractionEvent Delta="added" EndDate="2013-04-04 15:57:12.323 CDT" Interest="1.0" Kind="attention" Navigation="" OriginId="org.eclipse.ui.workbench" StartDate="2013-04-04 15:45:10.874 CDT" StructureHandle="none" StructureKind="workingset"/><InteractionEvent Delta="added" EndDate="2013-04-04 16:16:23.299 CDT" Interest="1.0" Kind="attention" Navigation="" OriginId="org.eclipse.ui.workbench" StartDate="2013-04-04 16:00:18.110 CDT" StructureHandle="none" StructureKind="workingset"/><InteractionEvent Delta="activated" EndDate="2013-04-04 16:25:53.126 CDT" Interest="1.0" Kind="command" Navigation="" OriginId="org.eclipse.ui.workbench" StartDate="2013-04-04 16:25:53.126 CDT" StructureHandle="local-2" StructureKind="activation"/><InteractionEvent Delta="added" EndDate="2013-04-04 16:34:24.59 CDT" Interest="1.0" Kind="attention" Navigation="" OriginId="org.eclipse.ui.workbench" StartDate="2013-04-04 16:25:22.379 CDT" StructureHandle="local-2" StructureKind="timing"/><InteractionEvent Delta="deactivated" EndDate="2013-04-04 16:34:30.455 CDT" Interest="1.0" Kind="command" Navigation="" OriginId="org.eclipse.ui.workbench" StartDate="2013-04-04 16:34:30.455 CDT" StructureHandle="local-2" StructureKind="activation"/><InteractionEvent Delta="activated" EndDate="2013-04-04 16:34:30.455 CDT" Interest="1.0" Kind="command" Navigation="" OriginId="org.eclipse.ui.workbench" StartDate="2013-04-04 16:34:30.455 CDT" StructureHandle="local-1" StructureKind="activation"/><InteractionEvent Delta="added" EndDate="2013-04-04 16:50:57.228 CDT" Interest="1.0" Kind="attention" Navigation="" OriginId="org.eclipse.ui.workbench" StartDate="2013-04-04 16:34:24.59 CDT" StructureHandle="local-1" StructureKind="timing"/><InteractionEvent Delta="added" EndDate="2013-04-04 16:59:55.309 CDT" Interest="1.0" Kind="attention" Navigation="" OriginId="org.eclipse.ui.workbench" StartDate="2013-04-04 16:59:25.295 CDT" StructureHandle="local-1" StructureKind="timing"/><InteractionEvent Delta="added" EndDate="2013-04-04 17:00:25.324 CDT" Interest="1.0" Kind="attention" Navigation="" OriginId="org.eclipse.ui.workbench" StartDate="2013-04-04 16:59:55.309 CDT" StructureHandle="local-1" StructureKind="timing"/><InteractionEvent Delta="added" EndDate="2013-04-04 17:36:58.402 CDT" Interest="1.0" Kind="attention" Navigation="" OriginId="org.eclipse.ui.workbench" StartDate="2013-04-04 17:00:25.324 CDT" StructureHandle="local-1" StructureKind="timing"/><InteractionEvent Delta="activated" EndDate="2013-04-04 17:41:04.58 CDT" Interest="1.0" Kind="command" Navigation="" OriginId="org.eclipse.ui.workbench" StartDate="2013-04-04 17:41:04.58 CDT" StructureHandle="local-1" StructureKind="activation"/><InteractionEvent Delta="added" EndDate="2013-04-04 17:45:18.884 CDT" Interest="1.0" Kind="attention" Navigation="" OriginId="org.eclipse.ui.workbench" StartDate="2013-04-04 17:41:16.990 CDT" StructureHandle="local-1" StructureKind="timing"/><InteractionEvent Delta="added" EndDate="2013-04-04 20:35:54.42 CDT" Interest="1.0" Kind="attention" Navigation="" OriginId="org.eclipse.ui.workbench" StartDate="2013-04-04 20:26:52.752 CDT" StructureHandle="local-1" StructureKind="timing"/><InteractionEvent Delta="activated" EndDate="2013-04-04 20:36:32.157 CDT" Interest="1.0" Kind="command" Navigation="" OriginId="org.eclipse.ui.workbench" StartDate="2013-04-04 20:36:32.157 CDT" StructureHandle="local-1" StructureKind="activation"/><InteractionEvent Delta="added" EndDate="2013-04-04 20:41:52.106 CDT" Interest="1.0" Kind="attention" Navigation="" OriginId="org.eclipse.ui.workbench" StartDate="2013-04-04 20:36:47.446 CDT" StructureHandle="local-1" StructureKind="timing"/><InteractionEvent Delta="deactivated" EndDate="2013-04-04 20:42:50.655 CDT" Interest="1.0" Kind="command" Navigation="" OriginId="org.eclipse.ui.workbench" StartDate="2013-04-04 20:42:50.655 CDT" StructureHandle="local-1" StructureKind="activation"/><InteractionEvent Delta="activated" EndDate="2013-04-04 20:42:50.655 CDT" Interest="1.0" Kind="command" Navigation="" OriginId="org.eclipse.ui.workbench" StartDate="2013-04-04 20:42:50.655 CDT" StructureHandle="local-17" StructureKind="activation"/><InteractionEvent Delta="added" EndDate="2013-04-04 20:59:47.698 CDT" Interest="1.0" Kind="attention" Navigation="" OriginId="org.eclipse.ui.workbench" StartDate="2013-04-04 20:42:45.772 CDT" StructureHandle="local-17" StructureKind="timing"/><InteractionEvent Delta="added" EndDate="2013-04-04 21:00:17.713 CDT" Interest="1.0" Kind="attention" Navigation="" OriginId="org.eclipse.ui.workbench" StartDate="2013-04-04 20:59:47.698 CDT" StructureHandle="local-17" StructureKind="timing"/><InteractionEvent Delta="added" EndDate="2013-04-04 21:15:48.156 CDT" Interest="1.0" Kind="attention" Navigation="" OriginId="org.eclipse.ui.workbench" StartDate="2013-04-04 21:00:17.713 CDT" StructureHandle="local-17" StructureKind="timing"/><InteractionEvent Delta="deactivated" EndDate="2013-04-04 21:15:57.828 CDT" Interest="1.0" Kind="command" Navigation="" OriginId="org.eclipse.ui.workbench" StartDate="2013-04-04 21:15:57.828 CDT" StructureHandle="local-17" StructureKind="activation"/><InteractionEvent Delta="activated" EndDate="2013-04-04 21:15:57.828 CDT" Interest="1.0" Kind="command" Navigation="" OriginId="org.eclipse.ui.workbench" StartDate="2013-04-04 21:15:57.828 CDT" StructureHandle="local-15" StructureKind="activation"/><InteractionEvent Delta="added" EndDate="2013-04-04 21:28:18.538 CDT" Interest="1.0" Kind="attention" Navigation="" OriginId="org.eclipse.ui.workbench" StartDate="2013-04-04 21:15:48.156 CDT" StructureHandle="local-15" StructureKind="timing"/><InteractionEvent Delta="activated" EndDate="2013-04-04 21:29:11.814 CDT" Interest="1.0" Kind="command" Navigation="" OriginId="org.eclipse.ui.workbench" StartDate="2013-04-04 21:29:11.814 CDT" StructureHandle="local-15" StructureKind="activation"/><InteractionEvent Delta="added" EndDate="2013-04-04 21:32:21.466 CDT" Interest="1.0" Kind="attention" Navigation="" OriginId="org.eclipse.ui.workbench" StartDate="2013-04-04 21:29:20.847 CDT" StructureHandle="local-15" StructureKind="timing"/><InteractionEvent Delta="activated" EndDate="2013-04-04 21:36:24.457 CDT" Interest="1.0" Kind="command" Navigation="" OriginId="org.eclipse.ui.workbench" StartDate="2013-04-04 21:36:24.457 CDT" StructureHandle="local-15" StructureKind="activation"/><InteractionEvent Delta="added" EndDate="2013-04-04 21:38:04.173 CDT" Interest="1.0" Kind="attention" Navigation="" OriginId="org.eclipse.ui.workbench" StartDate="2013-04-04 21:36:29.277 CDT" StructureHandle="local-15" StructureKind="timing"/><InteractionEvent Delta="deactivated" EndDate="2013-04-04 21:38:13.206 CDT" Interest="1.0" Kind="command" Navigation="" OriginId="org.eclipse.ui.workbench" StartDate="2013-04-04 21:38:13.206 CDT" StructureHandle="local-15" StructureKind="activation"/><InteractionEvent Delta="added" EndDate="2013-04-04 21:47:34.443 CDT" Interest="1.0" Kind="attention" Navigation="" OriginId="org.eclipse.ui.workbench" StartDate="2013-04-04 21:38:04.173 CDT" StructureHandle="none" StructureKind="workingset"/></InteractionHistory>