<?xml version="1.0" encoding="UTF-8" standalone="no"?><TaskList Version="2.0"><Task Active="false" ConnectorKind="githubGists" CreationDate="2013-04-03 15:38:31.0 -0500" DueDate="" EndDate="" Estimated="0" Handle="https://gist.github.com-de55a44b347ed9fc39ff" IssueURL="https://gist.github.com/de55a44b347ed9fc39ff" Key="de55a44b347ed9fc39ff" Kind="task" Label="statuspanel_test.py (1 file, 9.00 KB)" MarkReadPending="false" ModificationDate="2013-04-03 15:38:31.0 -0500" Notes="" NotifiedIncoming="false" Priority="P3" Reminded="false" RepositoryUrl="https://gist.github.com" Stale="false" TaskId="de55a44b347ed9fc39ff" offlineSyncState="INCOMING_NEW"/><Task Active="false" ConnectorKind="githubGists" CreationDate="2012-07-10 15:46:46.0 -0500" DueDate="" EndDate="" Estimated="0" Handle="https://gist.github.com-5d83740d1286199a042a" IssueURL="https://gist.github.com/5d83740d1286199a042a" Key="5d83740d1286199a042a" Kind="task" Label="What is a gist? (1 file, 172 bytes)" MarkReadPending="false" ModificationDate="2012-07-10 15:46:46.0 -0500" Notes="" NotifiedIncoming="false" Priority="P3" Reminded="false" RepositoryUrl="https://gist.github.com" Stale="false" TaskId="5d83740d1286199a042a" offlineSyncState="INCOMING_NEW"/><TaskCategory Handle="Uncategorized" Name="Uncategorized"/><Query ConnectorKind="githubGists" Handle="handle-3" LastRefreshTimeStamp="Apr 5, 9:00:09" Name="My Gists" QueryString="" RepositoryUrl="https://gist.github.com"><Attribute Key="user">gary-pickens</Attribute></Query><Query ConnectorKind="github" Handle="handle-4" LastRefreshTimeStamp="&lt;never&gt;" Name="Gary's Issues" QueryString="" RepositoryUrl="http://github.com/user/repository"><Attribute Key="state">open::closed::</Attribute><Attribute Key="assignee">gary-pickens</Attribute></Query></TaskList>