<?xml version="1.0" encoding="UTF-8"?><TaskState connectorKind="githubGists" repositoryUrl="https://gist.github.com" taskId="de55a44b347ed9fc39ff" version="2.0">
<NewData connectorKind="githubGists" repositoryUrl="https://gist.github.com" taskId="de55a44b347ed9fc39ff">
<Attributes>
<Attribute id="root">
<values/>
<options/>
<MetaData/>
<Attributes>
<Attribute id="task.common.key">
<values>
<value>de55a44b347ed9fc39ff</value>
</values>
<options/>
<MetaData>
<meta>
<key>task.meta.readOnly</key>
<value>true</value>
</meta>
<meta>
<key>task.meta.type</key>
<value>shortText</value>
</meta>
<meta>
<key>task.meta.label</key>
<value>Key</value>
</meta>
<meta>
<key>task.meta.attributeKind</key>
<value>task.common.kind.default</value>
</meta>
</MetaData>
<Attributes/>
</Attribute>
<Attribute id="task.common.description">
<values>
<value>statuspanel_test.py</value>
</values>
<options/>
<MetaData>
<meta>
<key>task.meta.readOnly</key>
<value>false</value>
</meta>
<meta>
<key>task.meta.type</key>
<value>longRichText</value>
</meta>
<meta>
<key>task.meta.label</key>
<value>Description:</value>
</meta>
<meta>
<key>task.meta.attributeKind</key>
<value>task.common.kind.default</value>
</meta>
</MetaData>
<Attributes/>
</Attribute>
<Attribute id="task.common.date.created">
<values>
<value>1365021511000</value>
</values>
<options/>
<MetaData>
<meta>
<key>task.meta.readOnly</key>
<value>true</value>
</meta>
<meta>
<key>task.meta.type</key>
<value>dateTime</value>
</meta>
<meta>
<key>task.meta.label</key>
<value>Created:</value>
</meta>
<meta>
<key>task.meta.attributeKind</key>
<value>task.common.kind.default</value>
</meta>
</MetaData>
<Attributes/>
</Attribute>
<Attribute id="task.common.date.modified">
<values>
<value>1365021511000</value>
</values>
<options/>
<MetaData>
<meta>
<key>task.meta.readOnly</key>
<value>true</value>
</meta>
<meta>
<key>task.meta.type</key>
<value>dateTime</value>
</meta>
<meta>
<key>task.meta.label</key>
<value>Modified:</value>
</meta>
<meta>
<key>task.meta.attributeKind</key>
<value>task.common.kind.default</value>
</meta>
</MetaData>
<Attributes/>
</Attribute>
<Attribute id="task.common.url">
<values>
<value>https://gist.github.com/de55a44b347ed9fc39ff</value>
</values>
<options/>
<MetaData>
<meta>
<key>task.meta.readOnly</key>
<value>true</value>
</meta>
<meta>
<key>task.meta.type</key>
<value>url</value>
</meta>
<meta>
<key>task.meta.label</key>
<value>Url</value>
</meta>
<meta>
<key>task.meta.attributeKind</key>
<value>task.common.kind.default</value>
</meta>
</MetaData>
<Attributes/>
</Attribute>
<Attribute id="github.gist.cloneUrl">
<values>
<value>https://gist.github.com/de55a44b347ed9fc39ff.git</value>
</values>
<options/>
<MetaData>
<meta>
<key>task.meta.readOnly</key>
<value>true</value>
</meta>
<meta>
<key>task.meta.type</key>
<value>url</value>
</meta>
<meta>
<key>task.meta.label</key>
<value>Clone URL:</value>
</meta>
<meta>
<key>task.meta.attributeKind</key>
<value>task.common.kind.default</value>
</meta>
</MetaData>
<Attributes/>
</Attribute>
<Attribute id="task.common.user.reporter">
<values>
<value>gary-pickens</value>
</values>
<options/>
<MetaData>
<meta>
<key>task.meta.readOnly</key>
<value>true</value>
</meta>
<meta>
<key>task.meta.type</key>
<value>person</value>
</meta>
<meta>
<key>task.meta.label</key>
<value>Author:</value>
</meta>
<meta>
<key>task.meta.attributeKind</key>
<value>task.common.kind.default</value>
</meta>
</MetaData>
<Attributes/>
</Attribute>
<Attribute id="github.gist.reporter.avatar">
<values>
<value>https://secure.gravatar.com/avatar/854805012b8110405ce872c6a60518dd?d=https://a248.e.akamai.net/assets.github.com%2Fimages%2Fgravatars%2Fgravatar-user-420.png</value>
</values>
<options/>
<MetaData>
<meta>
<key>task.meta.readOnly</key>
<value>true</value>
</meta>
<meta>
<key>task.meta.type</key>
<value>url</value>
</meta>
<meta>
<key>task.meta.label</key>
<value>Author</value>
</meta>
<meta>
<key>task.meta.attributeKind</key>
<value>task.common.kind.default</value>
</meta>
</MetaData>
<Attributes/>
</Attribute>
<Attribute id="task.common.attachment-1">
<values>
<value>statuspanel_test.py</value>
</values>
<options/>
<MetaData>
<meta>
<key>task.meta.readOnly</key>
<value>true</value>
</meta>
<meta>
<key>task.meta.type</key>
<value>attachment</value>
</meta>
</MetaData>
<Attributes>
<Attribute id="task.common.attachment.author">
<values>
<value>gary-pickens</value>
</values>
<options/>
<MetaData>
<meta>
<key>task.meta.label</key>
<value>Author</value>
</meta>
<meta>
<key>task.meta.type</key>
<value>person</value>
</meta>
<meta>
<key>task.meta.readOnly</key>
<value>false</value>
</meta>
</MetaData>
<Attributes/>
</Attribute>
<Attribute id="filename">
<values>
<value>statuspanel_test.py</value>
</values>
<options/>
<MetaData>
<meta>
<key>task.meta.label</key>
<value>Filename</value>
</meta>
<meta>
<key>task.meta.type</key>
<value>shortText</value>
</meta>
<meta>
<key>task.meta.readOnly</key>
<value>false</value>
</meta>
</MetaData>
<Attributes/>
</Attribute>
<Attribute id="task.common.attachment.replaceExisting">
<values>
<value>true</value>
</values>
<options/>
<MetaData>
<meta>
<key>task.meta.label</key>
<value>Replace existing attachment of the same name</value>
</meta>
<meta>
<key>task.meta.type</key>
<value>boolean</value>
</meta>
<meta>
<key>task.meta.readOnly</key>
<value>false</value>
</meta>
</MetaData>
<Attributes/>
</Attribute>
<Attribute id="task.common.attachment.patch">
<values>
<value>false</value>
</values>
<options/>
<MetaData>
<meta>
<key>task.meta.label</key>
<value>Patch</value>
</meta>
<meta>
<key>task.meta.type</key>
<value>boolean</value>
</meta>
<meta>
<key>task.meta.readOnly</key>
<value>false</value>
</meta>
</MetaData>
<Attributes/>
</Attribute>
<Attribute id="task.common.attachment.size">
<values>
<value>9211</value>
</values>
<options/>
<MetaData>
<meta>
<key>task.meta.label</key>
<value>Size</value>
</meta>
<meta>
<key>task.meta.type</key>
<value>long</value>
</meta>
<meta>
<key>task.meta.readOnly</key>
<value>true</value>
</meta>
</MetaData>
<Attributes/>
</Attribute>
<Attribute id="github.gist.file.url">
<values>
<value>https://gist.github.com/raw/de55a44b347ed9fc39ff/065229c30e623e86baab4bda0a86bc7455be2b3a/statuspanel_test.py</value>
</values>
<options/>
<MetaData>
<meta>
<key>task.meta.readOnly</key>
<value>true</value>
</meta>
<meta>
<key>task.meta.type</key>
<value>url</value>
</meta>
<meta>
<key>task.meta.label</key>
<value>File url</value>
</meta>
<meta>
<key>task.meta.attributeKind</key>
<value>task.common.kind.default</value>
</meta>
</MetaData>
<Attributes/>
</Attribute>
</Attributes>
</Attribute>
<Attribute id="task.common.comment.new">
<values/>
<options/>
<MetaData>
<meta>
<key>task.meta.readOnly</key>
<value>false</value>
</meta>
<meta>
<key>task.meta.type</key>
<value>longRichText</value>
</meta>
<meta>
<key>task.meta.label</key>
<value>New Comment</value>
</meta>
<meta>
<key>task.meta.attributeKind</key>
<value>task.common.kind.default</value>
</meta>
</MetaData>
<Attributes/>
</Attribute>
<Attribute id="task.common.summary">
<values>
<value>statuspanel_test.py (1 file, 9.00 KB)</value>
</values>
<options/>
<MetaData>
<meta>
<key>task.meta.readOnly</key>
<value>true</value>
</meta>
<meta>
<key>task.meta.type</key>
<value>shortRichText</value>
</meta>
<meta>
<key>task.meta.label</key>
<value>Summary</value>
</meta>
<meta>
<key>task.meta.attributeKind</key>
<value>task.common.kind.default</value>
</meta>
</MetaData>
<Attributes/>
</Attribute>
</Attributes>
</Attribute>
</Attributes>
</NewData>
</TaskState>
