<?xml version="1.0" encoding="UTF-8"?><InteractionHistory Id="local-1" Version="1"><InteractionEvent Delta="null" EndDate="2013-04-04 17:36:37.959 CDT" Interest="1.0" Kind="prediction" Navigation="null" OriginId="org.eclipse.mylyn.resources.ui.interest.updater" StartDate="2013-04-04 17:36:37.959 CDT" StructureHandle="/HouseMonitor/tasks/tasks.xml.zip" StructureKind="resource"/><InteractionEvent Delta="null" EndDate="2013-04-04 17:40:12.42 CDT" Interest="1.017" Kind="propagation" Navigation="org.eclipse.mylyn.core.model.edges.containment" OriginId="org.eclipse.mylyn.core.model.interest.propagation" StartDate="2013-04-04 17:39:59.636 CDT" StructureHandle="/HouseMonitor/housemonitor/lib" StructureKind="resource" NumEvents="2" CreationCount="22"/><InteractionEvent Delta="null" EndDate="2013-04-04 17:36:37.959 CDT" Interest="1.0" Kind="propagation" Navigation="org.eclipse.mylyn.core.model.edges.containment" OriginId="org.eclipse.mylyn.core.model.interest.propagation" StartDate="2013-04-04 17:36:37.959 CDT" StructureHandle="/HouseMonitor/tasks/tasks/local-local/data" StructureKind="resource"/><InteractionEvent Delta="null" EndDate="2013-04-04 17:36:37.959 CDT" Interest="1.0" Kind="propagation" Navigation="org.eclipse.mylyn.core.model.edges.containment" OriginId="org.eclipse.mylyn.core.model.interest.propagation" StartDate="2013-04-04 17:36:37.959 CDT" StructureHandle="/HouseMonitor/tasks/tasks" StructureKind="resource"/><InteractionEvent Delta="null" EndDate="2013-04-04 17:36:37.959 CDT" Interest="1.0" Kind="propagation" Navigation="null" OriginId="org.eclipse.mylyn.resources.ui.interest.updater" StartDate="2013-04-04 17:36:37.959 CDT" StructureHandle="/HouseMonitor/tasks/tasks/local-local/data/2" StructureKind="resource"/><InteractionEvent Delta="null" EndDate="2013-04-04 17:36:37.959 CDT" Interest="1.0" Kind="prediction" Navigation="null" OriginId="org.eclipse.mylyn.resources.ui.interest.updater" StartDate="2013-04-04 17:36:37.959 CDT" StructureHandle="/HouseMonitor/tasks/contexts/local-2.xml.zip" StructureKind="resource"/><InteractionEvent Delta="null" EndDate="2013-04-04 17:36:55.915 CDT" Interest="11.6" Kind="propagation" Navigation="org.eclipse.mylyn.core.model.edges.containment" OriginId="org.eclipse.mylyn.core.model.interest.propagation" StartDate="2013-04-04 17:22:42.983 CDT" StructureHandle="/HouseMonitor/housemonitor" StructureKind="resource" NumEvents="14" CreationCount="5"/><InteractionEvent Delta="null" EndDate="2013-04-04 17:36:37.959 CDT" Interest="1.0" Kind="propagation" Navigation="org.eclipse.mylyn.core.model.edges.containment" OriginId="org.eclipse.mylyn.core.model.interest.propagation" StartDate="2013-04-04 17:36:37.959 CDT" StructureHandle="/HouseMonitor/tasks/tasks/local-local" StructureKind="resource"/><InteractionEvent Delta="null" EndDate="2013-04-04 20:32:37.450 CDT" Interest="9.0" Kind="selection" Navigation="null" OriginId="org.eclipse.ui.views.ResourceNavigator" StartDate="2013-04-04 17:40:26.238 CDT" StructureHandle="/HouseMonitor/housemonitor/steps/test/statuspanel_test.py" StructureKind="resource" NumEvents="9" CreationCount="24"/><InteractionEvent Delta="null" EndDate="2013-04-04 17:42:38.204 CDT" Interest="1.0" Kind="edit" Navigation="null" OriginId="org.python.pydev.editor.PythonEditor" StartDate="2013-04-04 17:42:38.204 CDT" StructureHandle="/HouseMonitor/housemonitor/steps/test/statuspanel_test.py" StructureKind="resource"/><InteractionEvent Delta="null" EndDate="2013-04-04 17:36:37.959 CDT" Interest="1.0" Kind="propagation" Navigation="null" OriginId="org.eclipse.mylyn.resources.ui.interest.updater" StartDate="2013-04-04 17:36:37.959 CDT" StructureHandle="/HouseMonitor/tasks/contexts/activity.xml.zip" StructureKind="resource"/><InteractionEvent Delta="null" EndDate="2013-04-04 17:36:37.959 CDT" Interest="1.0" Kind="propagation" Navigation="org.eclipse.mylyn.core.model.edges.containment" OriginId="org.eclipse.mylyn.core.model.interest.propagation" StartDate="2013-04-04 17:36:37.959 CDT" StructureHandle="/HouseMonitor/tasks/backup" StructureKind="resource"/><InteractionEvent Delta="null" EndDate="2013-04-04 17:36:37.959 CDT" Interest="1.0" Kind="propagation" Navigation="null" OriginId="org.eclipse.mylyn.resources.ui.interest.updater" StartDate="2013-04-04 17:36:37.959 CDT" StructureHandle="/HouseMonitor/tasks/backup/mylyn-v3-data-2013-04-04-171446.zip" StructureKind="resource"/><InteractionEvent Delta="null" EndDate="2013-04-04 20:32:37.606 CDT" Interest="14.668" Kind="propagation" Navigation="org.eclipse.mylyn.core.model.edges.containment" OriginId="org.eclipse.mylyn.core.model.interest.propagation" StartDate="2013-04-04 16:34:32.904 CDT" StructureHandle="/" StructureKind="resource" NumEvents="19" CreationCount="1"/><InteractionEvent Delta="null" EndDate="2013-04-04 17:39:59.636 CDT" Interest="1.0" Kind="selection" Navigation="null" OriginId="org.eclipse.ui.views.ResourceNavigator" StartDate="2013-04-04 17:39:59.636 CDT" StructureHandle="/HouseMonitor/housemonitor/lib/test/hmqueue_test.py" StructureKind="resource"/><InteractionEvent Delta="null" EndDate="2013-04-04 17:40:12.42 CDT" Interest="1.0" Kind="selection" Navigation="null" OriginId="org.eclipse.ui.views.ResourceNavigator" StartDate="2013-04-04 17:40:12.42 CDT" StructureHandle="/HouseMonitor/housemonitor/lib/test/getdatetime_test.py" StructureKind="resource"/><InteractionEvent Delta="null" EndDate="2013-04-04 17:36:55.915 CDT" Interest="11.6" Kind="propagation" Navigation="org.eclipse.mylyn.core.model.edges.containment" OriginId="org.eclipse.mylyn.core.model.interest.propagation" StartDate="2013-04-04 17:22:42.983 CDT" StructureHandle="/HouseMonitor/housemonitor/steps" StructureKind="resource" NumEvents="14" CreationCount="5"/><InteractionEvent Delta="null" EndDate="2013-04-04 17:36:37.959 CDT" Interest="1.0" Kind="propagation" Navigation="org.eclipse.mylyn.core.model.edges.containment" OriginId="org.eclipse.mylyn.core.model.interest.propagation" StartDate="2013-04-04 17:36:37.959 CDT" StructureHandle="/HouseMonitor/tasks" StructureKind="resource"/><InteractionEvent Delta="null" EndDate="2013-04-04 17:36:55.899 CDT" Interest="6.0" Kind="selection" Navigation="null" OriginId="org.python.pydev.editor.PythonEditor" StartDate="2013-04-04 17:22:42.983 CDT" StructureHandle="/HouseMonitor/housemonitor/steps/statuspanel.py" StructureKind="resource" NumEvents="6" CreationCount="5"/><InteractionEvent Delta="null" EndDate="2013-04-04 17:36:55.915 CDT" Interest="8.0" Kind="edit" Navigation="null" OriginId="org.python.pydev.editor.PythonEditor" StartDate="2013-04-04 17:22:43.763 CDT" StructureHandle="/HouseMonitor/housemonitor/steps/statuspanel.py" StructureKind="resource" NumEvents="8" CreationCount="5"/><InteractionEvent Delta="null" EndDate="2013-04-04 17:36:37.959 CDT" Interest="1.0" Kind="propagation" Navigation="org.eclipse.mylyn.core.model.edges.containment" OriginId="org.eclipse.mylyn.core.model.interest.propagation" StartDate="2013-04-04 17:36:37.959 CDT" StructureHandle="/HouseMonitor/tasks/contexts" StructureKind="resource"/><InteractionEvent Delta="null" EndDate="2013-04-04 17:36:37.959 CDT" Interest="1.0" Kind="propagation" Navigation="null" OriginId="org.eclipse.mylyn.resources.ui.interest.updater" StartDate="2013-04-04 17:36:37.959 CDT" StructureHandle="/HouseMonitor/tasks/tasks/local-local/data/2/context-state.xml" StructureKind="resource"/><InteractionEvent Delta="null" EndDate="2013-04-04 17:36:37.959 CDT" Interest="1.0" Kind="propagation" Navigation="null" OriginId="org.eclipse.mylyn.resources.ui.interest.updater" StartDate="2013-04-04 17:36:37.959 CDT" StructureHandle="/HouseMonitor/tasks/contexts/local-1.xml.zip" StructureKind="resource"/><InteractionEvent Delta="null" EndDate="2013-04-04 17:36:37.959 CDT" Interest="1.0" Kind="propagation" Navigation="null" OriginId="org.eclipse.mylyn.resources.ui.interest.updater" StartDate="2013-04-04 17:36:37.959 CDT" StructureHandle="/HouseMonitor/tasks/backup/mylyn-v3-data-2013-04-04-164446.zip" StructureKind="resource"/><InteractionEvent Delta="null" EndDate="2013-04-04 17:40:12.42 CDT" Interest="1.017" Kind="propagation" Navigation="org.eclipse.mylyn.core.model.edges.containment" OriginId="org.eclipse.mylyn.core.model.interest.propagation" StartDate="2013-04-04 17:39:59.636 CDT" StructureHandle="/HouseMonitor/housemonitor/lib/test" StructureKind="resource" NumEvents="2" CreationCount="22"/><InteractionEvent Delta="null" EndDate="2013-04-04 20:32:37.466 CDT" Interest="9.717" Kind="propagation" Navigation="org.eclipse.mylyn.core.model.edges.containment" OriginId="org.eclipse.mylyn.core.model.interest.propagation" StartDate="2013-04-04 17:40:26.238 CDT" StructureHandle="/HouseMonitor/housemonitor/steps/test" StructureKind="resource" NumEvents="10" CreationCount="23"/><InteractionEvent Delta="null" EndDate="2013-04-04 17:36:55.915 CDT" Interest="6.668" Kind="propagation" Navigation="org.eclipse.mylyn.core.model.edges.containment" OriginId="org.eclipse.mylyn.core.model.interest.propagation" StartDate="2013-04-04 17:25:37.782 CDT" StructureHandle="=HouseMonitor" StructureKind="resource" NumEvents="10" CreationCount="1"/><InteractionEvent Delta="null" EndDate="2013-04-04 20:32:37.606 CDT" Interest="8.0" Kind="selection" Navigation="null" OriginId="org.eclipse.ui.views.ResourceNavigator" StartDate="2013-04-04 16:34:32.904 CDT" StructureHandle="=HouseMonitor" StructureKind="resource" NumEvents="8" CreationCount="1"/></InteractionHistory>